trial_id,subject_id,timestamp_ms,label,risk_label,session_phase,rpe,load_level,label_quality,acc_up_x,acc_up_y,acc_up_z,gyro_up_x,gyro_up_y,gyro_up_z,mag_up_x,mag_up_y,mag_up_z,pitch_up,roll_up,yaw_up,acc_low_x,acc_low_y,acc_low_z,gyro_low_x,gyro_low_y,gyro_low_z,mag_low_x,mag_low_y,mag_low_z,pitch_low,roll_low,yaw_low
trial_unset,subject_unset,0,unlabeled,ignore,normal_task,-1,none,uncertain,,,,,,,,,,,,,0.06,0.75,-0.69,3.8,2.9,1.4,50.0,3.8,11.9,-3.5,132.8,12.9
trial_unset,subject_unset,220,unlabeled,ignore,normal_task,-1,none,uncertain,,,,,,,,,,,,,0.06,0.75,-0.69,3.8,2.9,1.4,50.0,3.8,11.9,-3.9,133.1,12.8
trial_unset,subject_unset,240,unlabeled,ignore,normal_task,-1,none,uncertain,,,,,,,,,,,,,0.06,0.75,-0.69,3.8,2.9,1.4,50.0,3.8,11.9,-3.9,133.1,12.8
trial_unset,subject_unset,260,unlabeled,ignore,normal_task,-1,none,uncertain,,,,,,,,,,,,,0.06,0.75,-0.69,3.8,2.9,1.4,50.0,3.8,11.9,-3.9,133.1,12.8
trial_unset,subject_unset,340,unlabeled,ignore,normal_task,-1,none,uncertain,-0.1783,-0.3712,-0.9175,-0.6104,-0.1221,-0.3662,,,,,,,,,,,,,,,,,,
trial_unset,subject_unset,360,unlabeled,ignore,normal_task,-1,none,uncertain,-0.1783,-0.3712,-0.9175,-0.6104,-0.1221,-0.3662,,,,,,,,,,,,,,,,,,
trial_unset,subject_unset,380,unlabeled,ignore,normal_task,-1,none,uncertain,-0.1783,-0.3712,-0.9175,-0.6104,-0.1221,-0.3662,,,,,,,,,,,,,,,,,,
trial_unset,subject_unset,420,unlabeled,ignore,normal_task,-1,none,uncertain,,,,,,,,,,,,,0.06,0.75,-0.69,3.8,2.9,1.4,50.0,3.8,11.9,-3.9,133.1,12.8
trial_unset,subject_unset,440,unlabeled,ignore,normal_task,-1,none,uncertain,,,,,,,,,,,,,0.06,0.75,-0.69,3.8,2.9,1.4,50.0,3.8,11.9,-3.9,133.1,12.8
trial_unset,subject_unset,460,unlabeled,ignore,normal_task,-1,none,uncertain,,,,,,,,,,,,,0.06,0.75,-0.69,3.8,2.9,1.4,50.0,3.8,11.9,-3.9,133.1,12.8
trial_unset,subject_unset,740,unlabeled,ignore,normal_task,-1,none,uncertain,-0.1775,-0.3717,-0.9172,-0.6104,-0.061,-0.3662,,,,,,,,,,,,,,,,,,
trial_unset,subject_unset,760,unlabeled,ignore,normal_task,-1,none,uncertain,-0.1775,-0.3717,-0.9172,-0.6104,-0.061,-0.3662,,,,,,,0.06,0.75,-0.69,3.8,2.9,1.3,50.0,3.8,11.8,-3.5,132.7,12.7
trial_unset,subject_unset,780,unlabeled,ignore,normal_task,-1,none,uncertain,-0.1775,-0.3717,-0.9172,-0.6104,-0.061,-0.3662,,,,,,,0.06,0.75,-0.69,3.8,2.9,1.3,50.0,3.8,11.8,-3.5,132.7,12.7
trial_unset,subject_unset,800,unlabeled,ignore,normal_task,-1,none,uncertain,,,,,,,,,,,,,0.06,0.75,-0.69,3.8,2.9,1.3,50.0,3.8,11.8,-3.5,132.7,12.7
trial_unset,subject_unset,940,unlabeled,ignore,normal_task,-1,none,uncertain,-0.1821,-0.3738,-0.9155,-0.6104,-0.061,-0.3662,,,,,,,,,,,,,,,,,,
trial_unset,subject_unset,960,unlabeled,ignore,normal_task,-1,none,uncertain,-0.1821,-0.3738,-0.9155,-0.6104,-0.061,-0.3662,,,,,,,,,,,,,,,,,,
trial_unset,subject_unset,980,unlabeled,ignore,normal_task,-1,none,uncertain,-0.1821,-0.3738,-0.9155,-0.6104,-0.061,-0.3662,,,,,,,,,,,,,,,,,,
trial_unset,subject_unset,1040,unlabeled,ignore,normal_task,-1,none,uncertain,,,,,,,,,,,,,0.06,0.75,-0.69,3.8,2.9,1.3,50.0,3.8,11.8,-3.5,132.7,12.7
trial_unset,subject_unset,1060,unlabeled,ignore,normal_task,-1,none,uncertain,,,,,,,,,,,,,0.06,0.75,-0.69,3.8,2.9,1.3,50.0,3.8,11.8,-3.5,132.7,12.7
trial_unset,subject_unset,1080,unlabeled,ignore,normal_task,-1,none,uncertain,,,,,,,,,,,,,0.06,0.75,-0.69,3.8,2.9,1.3,50.0,3.8,11.8,-3.5,132.7,12.7
trial_unset,subject_unset,1380,unlabeled,ignore,normal_task,-1,none,uncertain,,,,,,,,,,,,,0.06,0.75,-0.69,3.8,2.9,1.3,50.1,3.8,11.7,-3.4,132.7,12.6
trial_unset,subject_unset,1400,unlabeled,ignore,normal_task,-1,none,uncertain,,,,,,,,,,,,,0.06,0.75,-0.69,3.8,2.9,1.3,50.1,3.8,11.7,-3.4,132.7,12.6
trial_unset,subject_unset,1420,unlabeled,ignore,normal_task,-1,none,uncertain,,,,,,,,,,,,,0.06,0.75,-0.69,3.8,2.9,1.3,50.1,3.8,11.7,-3.4,132.7,12.6
trial_unset,subject_unset,1480,unlabeled,ignore,normal_task,-1,none,uncertain,-0.1804,-0.3711,-0.9178,-0.6104,-0.1221,-0.3662,,,,,,,,,,,,,,,,,,
trial_unset,subject_unset,1500,unlabeled,ignore,normal_task,-1,none,uncertain,-0.1804,-0.3711,-0.9178,-0.6104,-0.1221,-0.3662,,,,,,,,,,,,,,,,,,
trial_unset,subject_unset,1520,unlabeled,ignore,normal_task,-1,none,uncertain,-0.1804,-0.3711,-0.9178,-0.6104,-0.1221,-0.3662,,,,,,,,,,,,,,,,,,
trial_unset,subject_unset,1580,unlabeled,ignore,normal_task,-1,none,uncertain,,,,,,,,,,,,,0.06,0.75,-0.69,3.8,2.9,1.3,50.1,3.8,11.7,-3.4,132.7,12.6
trial_unset,subject_unset,1600,unlabeled,ignore,normal_task,-1,none,uncertain,,,,,,,,,,,,,0.06,0.75,-0.69,3.8,2.9,1.3,50.1,3.8,11.7,-3.4,132.7,12.6
trial_unset,subject_unset,1620,unlabeled,ignore,normal_task,-1,none,uncertain,,,,,,,,,,,,,0.06,0.75,-0.69,3.8,2.9,1.3,50.1,3.8,11.7,-3.4,132.7,12.6
trial_unset,subject_unset,1880,unlabeled,ignore,normal_task,-1,none,uncertain,,,,,,,,,,,,,0.06,0.75,-0.69,3.8,3.0,1.4,50.0,3.9,11.7,-3.5,132.8,12.7
trial_unset,subject_unset,1900,unlabeled,ignore,normal_task,-1,none,uncertain,,,,,,,,,,,,,0.06,0.75,-0.69,3.8,3.0,1.4,50.0,3.9,11.7,-3.5,132.8,12.7
trial_unset,subject_unset,1920,unlabeled,ignore,normal_task,-1,none,uncertain,,,,,,,,,,,,,0.06,0.75,-0.69,3.8,3.0,1.4,50.0,3.9,11.7,-3.5,132.8,12.7
trial_unset,subject_unset,2020,unlabeled,ignore,normal_task,-1,none,uncertain,-0.1803,-0.3713,-0.9177,-0.6104,-0.061,-0.3662,,,,,,,,,,,,,,,,,,
trial_unset,subject_unset,2040,unlabeled,ignore,normal_task,-1,none,uncertain,-0.1803,-0.3713,-0.9177,-0.6104,-0.061,-0.3662,,,,,,,,,,,,,,,,,,
trial_unset,subject_unset,2060,unlabeled,ignore,normal_task,-1,none,uncertain,-0.1803,-0.3713,-0.9177,-0.6104,-0.061,-0.3662,,,,,,,,,,,,,,,,,,
trial_unset,subject_unset,2160,unlabeled,ignore,normal_task,-1,none,uncertain,,,,,,,,,,,,,0.06,0.75,-0.69,3.8,3.0,1.4,50.0,3.9,11.7,-3.5,132.8,12.7
trial_unset,subject_unset,2180,unlabeled,ignore,normal_task,-1,none,uncertain,,,,,,,,,,,,,0.06,0.75,-0.69,3.8,3.0,1.4,50.0,3.9,11.7,-3.5,132.8,12.7
trial_unset,subject_unset,2200,unlabeled,ignore,normal_task,-1,none,uncertain,,,,,,,,,,,,,0.06,0.75,-0.69,3.8,3.0,1.4,50.0,3.9,11.7,-3.5,132.8,12.7
trial_unset,subject_unset,2460,unlabeled,ignore,normal_task,-1,none,uncertain,,,,,,,,,,,,,0.07,0.75,-0.69,3.8,2.9,1.4,50.0,3.9,11.9,-3.9,133.2,12.9
trial_unset,subject_unset,2480,unlabeled,ignore,normal_task,-1,none,uncertain,,,,,,,,,,,,,0.07,0.75,-0.69,3.8,2.9,1.4,50.0,3.9,11.9,-3.9,133.2,12.9
trial_unset,subject_unset,2500,unlabeled,ignore,normal_task,-1,none,uncertain,,,,,,,,,,,,,0.07,0.75,-0.69,3.8,2.9,1.4,50.0,3.9,11.9,-3.9,133.2,12.9
trial_unset,subject_unset,2560,unlabeled,ignore,normal_task,-1,none,uncertain,-0.1781,-0.3721,-0.9182,-0.6104,-0.1221,-0.4272,,,,,,,,,,,,,,,,,,
trial_unset,subject_unset,2580,unlabeled,ignore,normal_task,-1,none,uncertain,-0.1781,-0.3721,-0.9182,-0.6104,-0.1221,-0.4272,,,,,,,,,,,,,,,,,,
trial_unset,subject_unset,2600,unlabeled,ignore,normal_task,-1,none,uncertain,-0.1781,-0.3721,-0.9182,-0.6104,-0.1221,-0.4272,,,,,,,,,,,,,,,,,,
trial_unset,subject_unset,2660,unlabeled,ignore,normal_task,-1,none,uncertain,,,,,,,,,,,,,0.07,0.75,-0.69,3.8,2.9,1.4,50.0,3.9,11.9,-3.9,133.2,12.9
trial_unset,subject_unset,2680,unlabeled,ignore,normal_task,-1,none,uncertain,,,,,,,,,,,,,0.07,0.75,-0.69,3.8,2.9,1.4,50.0,3.9,11.9,-3.9,133.2,12.9
trial_unset,subject_unset,2700,unlabeled,ignore,normal_task,-1,none,uncertain,,,,,,,,,,,,,0.07,0.75,-0.69,3.8,2.9,1.4,50.0,3.9,11.9,-3.9,133.2,12.9
trial_unset,subject_unset,2960,unlabeled,ignore,normal_task,-1,none,uncertain,,,,,,,,,,,,,0.06,0.75,-0.69,3.8,3.0,1.3,50.0,3.8,12.1,-3.9,133.2,13.0
trial_unset,subject_unset,2980,unlabeled,ignore,normal_task,-1,none,uncertain,,,,,,,,,,,,,0.06,0.75,-0.69,3.8,3.0,1.3,50.0,3.8,12.1,-3.9,133.2,13.0
trial_unset,subject_unset,3000,unlabeled,ignore,normal_task,-1,none,uncertain,,,,,,,,,,,,,0.06,0.75,-0.69,3.8,3.0,1.3,50.0,3.8,12.1,-3.9,133.2,13.0
trial_unset,subject_unset,3120,unlabeled,ignore,normal_task,-1,none,uncertain,-0.1809,-0.3677,-0.9186,-0.6104,-0.1221,-0.3662,,,,,,,,,,,,,,,,,,
trial_unset,subject_unset,3140,unlabeled,ignore,normal_task,-1,none,uncertain,-0.1809,-0.3677,-0.9186,-0.6104,-0.1221,-0.3662,,,,,,,,,,,,,,,,,,
trial_unset,subject_unset,3160,unlabeled,ignore,normal_task,-1,none,uncertain,-0.1809,-0.3677,-0.9186,-0.6104,-0.1221,-0.3662,,,,,,,,,,,,,,,,,,
trial_unset,subject_unset,3240,unlabeled,ignore,normal_task,-1,none,uncertain,,,,,,,,,,,,,0.06,0.75,-0.69,3.8,3.0,1.3,50.0,3.8,12.1,-3.9,133.2,13.0
trial_unset,subject_unset,3260,unlabeled,ignore,normal_task,-1,none,uncertain,,,,,,,,,,,,,0.06,0.75,-0.69,3.8,3.0,1.3,50.0,3.8,12.1,-3.9,133.2,13.0
trial_unset,subject_unset,3280,unlabeled,ignore,normal_task,-1,none,uncertain,,,,,,,,,,,,,0.06,0.75,-0.69,3.8,3.0,1.3,50.0,3.8,12.1,-3.9,133.2,13.0
trial_unset,subject_unset,3600,unlabeled,ignore,normal_task,-1,none,uncertain,,,,,,,,,,,,,0.06,0.75,-0.69,3.8,3.0,1.4,50.1,3.8,12.2,-3.8,133.2,13.1
trial_unset,subject_unset,3620,unlabeled,ignore,normal_task,-1,none,uncertain,,,,,,,,,,,,,0.06,0.75,-0.69,3.8,3.0,1.4,50.1,3.8,12.2,-3.8,133.2,13.1
trial_unset,subject_unset,3640,unlabeled,ignore,normal_task,-1,none,uncertain,,,,,,,,,,,,,0.06,0.75,-0.69,3.8,3.0,1.4,50.1,3.8,12.2,-3.8,133.2,13.1
trial_unset,subject_unset,3660,unlabeled,ignore,normal_task,-1,none,uncertain,-0.1779,-0.3772,-0.9153,-0.6104,-0.1221,-0.3662,,,,,,,,,,,,,,,,,,
trial_unset,subject_unset,3680,unlabeled,ignore,normal_task,-1,none,uncertain,-0.1779,-0.3772,-0.9153,-0.6104,-0.1221,-0.3662,,,,,,,,,,,,,,,,,,
trial_unset,subject_unset,3700,unlabeled,ignore,normal_task,-1,none,uncertain,-0.1779,-0.3772,-0.9153,-0.6104,-0.1221,-0.3662,,,,,,,,,,,,,,,,,,
trial_unset,subject_unset,3740,unlabeled,ignore,normal_task,-1,none,uncertain,,,,,,,,,,,,,0.06,0.75,-0.69,3.8,3.0,1.4,50.1,3.8,12.2,-3.8,133.2,13.1
trial_unset,subject_unset,3760,unlabeled,ignore,normal_task,-1,none,uncertain,,,,,,,,,,,,,0.06,0.75,-0.69,3.8,3.0,1.4,50.1,3.8,12.2,-3.8,133.2,13.1
trial_unset,subject_unset,3780,unlabeled,ignore,normal_task,-1,none,uncertain,,,,,,,,,,,,,0.06,0.75,-0.69,3.8,3.0,1.4,50.1,3.8,12.2,-3.8,133.2,13.1
trial_unset,subject_unset,4140,unlabeled,ignore,normal_task,-1,none,uncertain,,,,,,,,,,,,,0.06,0.75,-0.69,3.8,2.9,1.4,50.1,3.9,11.9,-3.6,132.7,12.9
trial_unset,subject_unset,4160,unlabeled,ignore,normal_task,-1,none,uncertain,-0.1804,-0.3696,-0.9174,-0.6104,-0.1221,-0.4272,,,,,,,0.06,0.75,-0.69,3.8,2.9,1.4,50.1,3.9,11.9,-3.6,132.7,12.9
trial_unset,subject_unset,4180,unlabeled,ignore,normal_task,-1,none,uncertain,-0.1804,-0.3696,-0.9174,-0.6104,-0.1221,-0.4272,,,,,,,0.06,0.75,-0.69,3.8,2.9,1.4,50.1,3.9,11.9,-3.6,132.7,12.9
trial_unset,subject_unset,4200,unlabeled,ignore,normal_task,-1,none,uncertain,-0.1804,-0.3696,-0.9174,-0.6104,-0.1221,-0.4272,,,,,,,,,,,,,,,,,,
trial_unset,subject_unset,4280,unlabeled,ignore,normal_task,-1,none,uncertain,,,,,,,,,,,,,0.06,0.75,-0.69,3.8,2.9,1.4,50.1,3.9,11.9,-3.6,132.7,12.9
trial_unset,subject_unset,4300,unlabeled,ignore,normal_task,-1,none,uncertain,,,,,,,,,,,,,0.06,0.75,-0.69,3.8,2.9,1.4,50.1,3.9,11.9,-3.6,132.7,12.9
trial_unset,subject_unset,4320,unlabeled,ignore,normal_task,-1,none,uncertain,,,,,,,,,,,,,0.06,0.75,-0.69,3.8,2.9,1.4,50.1,3.9,11.9,-3.6,132.7,12.9
trial_unset,subject_unset,4460,unlabeled,ignore,normal_task,-1,none,uncertain,-0.177,-0.3734,-0.917,-0.5493,-0.061,-0.3662,,,,,,,,,,,,,,,,,,
trial_unset,subject_unset,4480,unlabeled,ignore,normal_task,-1,none,uncertain,-0.177,-0.3734,-0.917,-0.5493,-0.061,-0.3662,,,,,,,,,,,,,,,,,,
trial_unset,subject_unset,4500,unlabeled,ignore,normal_task,-1,none,uncertain,-0.177,-0.3734,-0.917,-0.5493,-0.061,-0.3662,,,,,,,,,,,,,,,,,,
trial_unset,subject_unset,4740,unlabeled,ignore,normal_task,-1,none,uncertain,-0.1777,-0.3707,-0.9178,-0.6104,-0.1221,-0.4272,,,,,,,,,,,,,,,,,,
trial_unset,subject_unset,4760,unlabeled,ignore,normal_task,-1,none,uncertain,-0.1777,-0.3707,-0.9178,-0.6104,-0.1221,-0.4272,,,,,,,0.06,0.75,-0.69,3.8,2.9,1.3,49.9,3.8,11.9,-3.5,132.8,12.8
trial_unset,subject_unset,4780,unlabeled,ignore,normal_task,-1,none,uncertain,-0.1777,-0.3707,-0.9178,-0.6104,-0.1221,-0.4272,,,,,,,0.06,0.75,-0.69,3.8,2.9,1.3,49.9,3.8,11.9,-3.5,132.8,12.8
trial_unset,subject_unset,4800,unlabeled,ignore,normal_task,-1,none,uncertain,,,,,,,,,,,,,0.06,0.75,-0.69,3.8,2.9,1.3,49.9,3.8,11.9,-3.5,132.8,12.8
trial_unset,subject_unset,4880,unlabeled,ignore,normal_task,-1,none,uncertain,-0.1787,-0.3715,-0.917,-0.6104,-0.1221,-0.4272,,,,,,,,,,,,,,,,,,
trial_unset,subject_unset,4900,unlabeled,ignore,normal_task,-1,none,uncertain,-0.1787,-0.3715,-0.917,-0.6104,-0.1221,-0.4272,,,,,,,,,,,,,,,,,,
trial_unset,subject_unset,4920,unlabeled,ignore,normal_task,-1,none,uncertain,-0.1787,-0.3715,-0.917,-0.6104,-0.1221,-0.4272,,,,,,,,,,,,,,,,,,
trial_unset,subject_unset,5000,unlabeled,ignore,normal_task,-1,none,uncertain,,,,,,,,,,,,,0.06,0.75,-0.69,3.8,2.9,1.3,49.9,3.8,11.9,-3.5,132.8,12.8
trial_unset,subject_unset,5020,unlabeled,ignore,normal_task,-1,none,uncertain,,,,,,,,,,,,,0.06,0.75,-0.69,3.8,2.9,1.3,49.9,3.8,11.9,-3.5,132.8,12.8
trial_unset,subject_unset,5040,unlabeled,ignore,normal_task,-1,none,uncertain,,,,,,,,,,,,,0.06,0.75,-0.69,3.8,2.9,1.3,49.9,3.8,11.9,-3.5,132.8,12.8
trial_unset,subject_unset,5300,unlabeled,ignore,normal_task,-1,none,uncertain,,,,,,,,,,,,,0.06,0.75,-0.69,3.8,2.9,1.3,49.9,3.8,12.0,-3.5,132.8,12.9
trial_unset,subject_unset,5320,unlabeled,ignore,normal_task,-1,none,uncertain,,,,,,,,,,,,,0.06,0.75,-0.69,3.8,2.9,1.3,49.9,3.8,12.0,-3.5,132.8,12.9
trial_unset,subject_unset,5340,unlabeled,ignore,normal_task,-1,none,uncertain,,,,,,,,,,,,,0.06,0.75,-0.69,3.8,2.9,1.3,49.9,3.8,12.0,-3.5,132.8,12.9
trial_unset,subject_unset,5380,unlabeled,ignore,normal_task,-1,none,uncertain,-0.1765,-0.3749,-0.9164,-0.6104,-0.1221,-0.3662,,,,,,,,,,,,,,,,,,
trial_unset,subject_unset,5400,unlabeled,ignore,normal_task,-1,none,uncertain,-0.1765,-0.3749,-0.9164,-0.6104,-0.1221,-0.3662,,,,,,,,,,,,,,,,,,
trial_unset,subject_unset,5420,unlabeled,ignore,normal_task,-1,none,uncertain,-0.1765,-0.3749,-0.9164,-0.6104,-0.1221,-0.3662,,,,,,,,,,,,,,,,,,
trial_unset,subject_unset,5480,unlabeled,ignore,normal_task,-1,none,uncertain,,,,,,,,,,,,,0.06,0.75,-0.69,3.8,2.9,1.3,49.9,3.8,12.0,-3.5,132.8,12.9
trial_unset,subject_unset,5500,unlabeled,ignore,normal_task,-1,none,uncertain,,,,,,,,,,,,,0.06,0.75,-0.69,3.8,2.9,1.3,49.9,3.8,12.0,-3.5,132.8,12.9
trial_unset,subject_unset,5520,unlabeled,ignore,normal_task,-1,none,uncertain,,,,,,,,,,,,,0.06,0.75,-0.69,3.8,2.9,1.3,49.9,3.8,12.0,-3.5,132.8,12.9
trial_unset,subject_unset,5840,unlabeled,ignore,normal_task,-1,none,uncertain,,,,,,,,,,,,,0.06,0.75,-0.69,3.8,2.9,1.3,49.9,3.8,11.9,-3.5,132.9,12.9
trial_unset,subject_unset,5860,unlabeled,ignore,normal_task,-1,none,uncertain,,,,,,,,,,,,,0.06,0.75,-0.69,3.8,2.9,1.3,49.9,3.8,11.9,-3.5,132.9,12.9
trial_unset,subject_unset,5880,unlabeled,ignore,normal_task,-1,none,uncertain,,,,,,,,,,,,,0.06,0.75,-0.69,3.8,2.9,1.3,49.9,3.8,11.9,-3.5,132.9,12.9
trial_unset,subject_unset,5920,unlabeled,ignore,normal_task,-1,none,uncertain,-0.1782,-0.3739,-0.917,-0.6104,-0.1221,-0.3662,,,,,,,,,,,,,,,,,,
trial_unset,subject_unset,5940,unlabeled,ignore,normal_task,-1,none,uncertain,-0.1782,-0.3739,-0.917,-0.6104,-0.1221,-0.3662,,,,,,,,,,,,,,,,,,
trial_unset,subject_unset,5960,unlabeled,ignore,normal_task,-1,none,uncertain,-0.1782,-0.3739,-0.917,-0.6104,-0.1221,-0.3662,,,,,,,,,,,,,,,,,,
trial_unset,subject_unset,6060,unlabeled,ignore,normal_task,-1,none,uncertain,,,,,,,,,,,,,0.06,0.75,-0.69,3.8,2.9,1.3,49.9,3.8,11.9,-3.5,132.9,12.9
trial_unset,subject_unset,6080,unlabeled,ignore,normal_task,-1,none,uncertain,,,,,,,,,,,,,0.06,0.75,-0.69,3.8,2.9,1.3,49.9,3.8,11.9,-3.5,132.9,12.9
trial_unset,subject_unset,6100,unlabeled,ignore,normal_task,-1,none,uncertain,,,,,,,,,,,,,0.06,0.75,-0.69,3.8,2.9,1.3,49.9,3.8,11.9,-3.5,132.9,12.9
trial_unset,subject_unset,6460,unlabeled,ignore,normal_task,-1,none,uncertain,-0.179,-0.3713,-0.9177,-0.6104,-0.1221,-0.3662,,,,,,,,,,,,,,,,,,
trial_unset,subject_unset,6480,unlabeled,ignore,normal_task,-1,none,uncertain,-0.179,-0.3713,-0.9177,-0.6104,-0.1221,-0.3662,,,,,,,0.06,0.75,-0.69,3.8,3.0,1.4,49.9,3.7,12.1,-3.5,132.9,12.9
trial_unset,subject_unset,6500,unlabeled,ignore,normal_task,-1,none,uncertain,-0.179,-0.3713,-0.9177,-0.6104,-0.1221,-0.3662,,,,,,,0.06,0.75,-0.69,3.8,3.0,1.4,49.9,3.7,12.1,-3.5,132.9,12.9
trial_unset,subject_unset,6520,unlabeled,ignore,normal_task,-1,none,uncertain,,,,,,,,,,,,,0.06,0.75,-0.69,3.8,3.0,1.4,49.9,3.7,12.1,-3.5,132.9,12.9
trial_unset,subject_unset,6640,unlabeled,ignore,normal_task,-1,none,uncertain,-0.1787,-0.3712,-0.9182,-0.6104,-0.1221,-0.3662,,,,,,,,,,,,,,,,,,
trial_unset,subject_unset,6660,unlabeled,ignore,normal_task,-1,none,uncertain,-0.1787,-0.3712,-0.9182,-0.6104,-0.1221,-0.3662,,,,,,,,,,,,,,,,,,
trial_unset,subject_unset,6680,unlabeled,ignore,normal_task,-1,none,uncertain,-0.1787,-0.3712,-0.9182,-0.6104,-0.1221,-0.3662,,,,,,,,,,,,,,,,,,
trial_unset,subject_unset,6720,unlabeled,ignore,normal_task,-1,none,uncertain,,,,,,,,,,,,,0.06,0.75,-0.69,3.8,3.0,1.4,49.9,3.7,12.1,-3.5,132.9,12.9
trial_unset,subject_unset,6740,unlabeled,ignore,normal_task,-1,none,uncertain,,,,,,,,,,,,,0.06,0.75,-0.69,3.8,3.0,1.4,49.9,3.7,12.1,-3.5,132.9,12.9
trial_unset,subject_unset,6760,unlabeled,ignore,normal_task,-1,none,uncertain,,,,,,,,,,,,,0.06,0.75,-0.69,3.8,3.0,1.4,49.9,3.7,12.1,-3.5,132.9,12.9
trial_unset,subject_unset,7020,unlabeled,ignore,normal_task,-1,none,uncertain,,,,,,,,,,,,,0.06,0.75,-0.69,3.9,3.0,1.4,49.8,3.8,12.2,-3.8,133.2,13.1
trial_unset,subject_unset,7040,unlabeled,ignore,normal_task,-1,none,uncertain,-0.1787,-0.3719,-0.9175,-0.6104,-0.1221,-0.3662,,,,,,,0.06,0.75,-0.69,3.9,3.0,1.4,49.8,3.8,12.2,-3.8,133.2,13.1
trial_unset,subject_unset,7060,unlabeled,ignore,normal_task,-1,none,uncertain,-0.1787,-0.3719,-0.9175,-0.6104,-0.1221,-0.3662,,,,,,,0.06,0.75,-0.69,3.9,3.0,1.4,49.8,3.8,12.2,-3.8,133.2,13.1
trial_unset,subject_unset,7080,unlabeled,ignore,normal_task,-1,none,uncertain,-0.1787,-0.3719,-0.9175,-0.6104,-0.1221,-0.3662,,,,,,,,,,,,,,,,,,
trial_unset,subject_unset,7160,unlabeled,ignore,normal_task,-1,none,uncertain,,,,,,,,,,,,,0.06,0.75,-0.69,3.9,3.0,1.4,49.8,3.8,12.2,-3.8,133.2,13.1
trial_unset,subject_unset,7180,unlabeled,ignore,normal_task,-1,none,uncertain,,,,,,,,,,,,,0.06,0.75,-0.69,3.9,3.0,1.4,49.8,3.8,12.2,-3.8,133.2,13.1
trial_unset,subject_unset,7200,unlabeled,ignore,normal_task,-1,none,uncertain,,,,,,,,,,,,,0.06,0.75,-0.69,3.9,3.0,1.4,49.8,3.8,12.2,-3.8,133.2,13.1
trial_unset,subject_unset,7500,unlabeled,ignore,normal_task,-1,none,uncertain,,,,,,,,,,,,,0.06,0.75,-0.69,3.8,3.0,1.4,50.0,3.9,12.1,-3.5,132.9,13.1
trial_unset,subject_unset,7520,unlabeled,ignore,normal_task,-1,none,uncertain,,,,,,,,,,,,,0.06,0.75,-0.69,3.8,3.0,1.4,50.0,3.9,12.1,-3.5,132.9,13.1
trial_unset,subject_unset,7540,unlabeled,ignore,normal_task,-1,none,uncertain,-0.1793,-0.3707,-0.9176,-0.6104,-0.1221,-0.4272,,,,,,,0.06,0.75,-0.69,3.8,3.0,1.4,50.0,3.9,12.1,-3.5,132.9,13.1
trial_unset,subject_unset,7560,unlabeled,ignore,normal_task,-1,none,uncertain,-0.1793,-0.3707,-0.9176,-0.6104,-0.1221,-0.4272,,,,,,,,,,,,,,,,,,
trial_unset,subject_unset,7580,unlabeled,ignore,normal_task,-1,none,uncertain,-0.1793,-0.3707,-0.9176,-0.6104,-0.1221,-0.4272,,,,,,,,,,,,,,,,,,
trial_unset,subject_unset,7640,unlabeled,ignore,normal_task,-1,none,uncertain,,,,,,,,,,,,,0.06,0.75,-0.69,3.8,3.0,1.4,50.0,3.9,12.1,-3.5,132.9,13.1
trial_unset,subject_unset,7660,unlabeled,ignore,normal_task,-1,none,uncertain,,,,,,,,,,,,,0.06,0.75,-0.69,3.8,3.0,1.4,50.0,3.9,12.1,-3.5,132.9,13.1
trial_unset,subject_unset,7680,unlabeled,ignore,normal_task,-1,none,uncertain,,,,,,,,,,,,,0.06,0.75,-0.69,3.8,3.0,1.4,50.0,3.9,12.1,-3.5,132.9,13.1
trial_unset,subject_unset,7920,unlabeled,ignore,normal_task,-1,none,uncertain,,,,,,,,,,,,,0.06,0.75,-0.69,3.8,3.0,1.3,50.0,3.9,12.1,-3.5,132.9,13.1
trial_unset,subject_unset,7940,unlabeled,ignore,normal_task,-1,none,uncertain,,,,,,,,,,,,,0.06,0.75,-0.69,3.8,3.0,1.3,50.0,3.9,12.1,-3.5,132.9,13.1
trial_unset,subject_unset,7960,unlabeled,ignore,normal_task,-1,none,uncertain,,,,,,,,,,,,,0.06,0.75,-0.69,3.8,3.0,1.3,50.0,3.9,12.1,-3.5,132.9,13.1
trial_unset,subject_unset,8080,unlabeled,ignore,normal_task,-1,none,uncertain,-0.1774,-0.3734,-0.917,-0.6104,-0.1221,-0.3662,,,,,,,,,,,,,,,,,,
trial_unset,subject_unset,8100,unlabeled,ignore,normal_task,-1,none,uncertain,-0.1774,-0.3734,-0.917,-0.6104,-0.1221,-0.3662,,,,,,,,,,,,,,,,,,
trial_unset,subject_unset,8120,unlabeled,ignore,normal_task,-1,none,uncertain,-0.1774,-0.3734,-0.917,-0.6104,-0.1221,-0.3662,,,,,,,,,,,,,,,,,,
trial_unset,subject_unset,8200,unlabeled,ignore,normal_task,-1,none,uncertain,,,,,,,,,,,,,0.06,0.75,-0.69,3.8,3.0,1.3,50.0,3.9,12.1,-3.5,132.9,13.1
trial_unset,subject_unset,8220,unlabeled,ignore,normal_task,-1,none,uncertain,,,,,,,,,,,,,0.06,0.75,-0.69,3.8,3.0,1.3,50.0,3.9,12.1,-3.5,132.9,13.1
trial_unset,subject_unset,8240,unlabeled,ignore,normal_task,-1,none,uncertain,,,,,,,,,,,,,0.06,0.75,-0.69,3.8,3.0,1.3,50.0,3.9,12.1,-3.5,132.9,13.1
trial_unset,subject_unset,8540,unlabeled,ignore,normal_task,-1,none,uncertain,,,,,,,,,,,,,0.06,0.75,-0.69,3.8,3.0,1.3,49.9,3.9,12.1,-3.5,132.9,13.1
trial_unset,subject_unset,8560,unlabeled,ignore,normal_task,-1,none,uncertain,,,,,,,,,,,,,0.06,0.75,-0.69,3.8,3.0,1.3,49.9,3.9,12.1,-3.5,132.9,13.1
trial_unset,subject_unset,8580,unlabeled,ignore,normal_task,-1,none,uncertain,,,,,,,,,,,,,0.06,0.75,-0.69,3.8,3.0,1.3,49.9,3.9,12.1,-3.5,132.9,13.1
trial_unset,subject_unset,8620,unlabeled,ignore,normal_task,-1,none,uncertain,-0.1783,-0.3737,-0.9169,-0.6104,-0.1221,-0.3662,,,,,,,,,,,,,,,,,,
trial_unset,subject_unset,8640,unlabeled,ignore,normal_task,-1,none,uncertain,-0.1783,-0.3737,-0.9169,-0.6104,-0.1221,-0.3662,,,,,,,,,,,,,,,,,,
trial_unset,subject_unset,8660,unlabeled,ignore,normal_task,-1,none,uncertain,-0.1783,-0.3737,-0.9169,-0.6104,-0.1221,-0.3662,,,,,,,,,,,,,,,,,,
trial_unset,subject_unset,8700,unlabeled,ignore,normal_task,-1,none,uncertain,,,,,,,,,,,,,0.06,0.75,-0.69,3.8,3.0,1.3,49.9,3.9,12.1,-3.5,132.9,13.1
trial_unset,subject_unset,8720,unlabeled,ignore,normal_task,-1,none,uncertain,,,,,,,,,,,,,0.06,0.75,-0.69,3.8,3.0,1.3,49.9,3.9,12.1,-3.5,132.9,13.1
trial_unset,subject_unset,8740,unlabeled,ignore,normal_task,-1,none,uncertain,,,,,,,,,,,,,0.06,0.75,-0.69,3.8,3.0,1.3,49.9,3.9,12.1,-3.5,132.9,13.1
trial_unset,subject_unset,8860,unlabeled,ignore,normal_task,-1,none,uncertain,-0.1782,-0.3733,-0.9175,-0.6104,-0.1221,-0.4272,,,,,,,,,,,,,,,,,,
trial_unset,subject_unset,8880,unlabeled,ignore,normal_task,-1,none,uncertain,-0.1782,-0.3733,-0.9175,-0.6104,-0.1221,-0.4272,,,,,,,,,,,,,,,,,,
trial_unset,subject_unset,8900,unlabeled,ignore,normal_task,-1,none,uncertain,-0.1782,-0.3733,-0.9175,-0.6104,-0.1221,-0.4272,,,,,,,,,,,,,,,,,,
trial_unset,subject_unset,9160,unlabeled,ignore,normal_task,-1,none,uncertain,-0.1792,-0.3743,-0.9167,-0.6104,-0.1221,-0.3662,,,,,,,,,,,,,,,,,,
trial_unset,subject_unset,9180,unlabeled,ignore,normal_task,-1,none,uncertain,-0.1792,-0.3743,-0.9167,-0.6104,-0.1221,-0.3662,,,,,,,0.06,0.75,-0.69,3.8,3.0,1.3,49.7,3.8,12.2,-3.5,132.9,13.1
trial_unset,subject_unset,9200,unlabeled,ignore,normal_task,-1,none,uncertain,-0.1792,-0.3743,-0.9167,-0.6104,-0.1221,-0.3662,,,,,,,0.06,0.75,-0.69,3.8,3.0,1.3,49.7,3.8,12.2,-3.5,132.9,13.1
trial_unset,subject_unset,9220,unlabeled,ignore,normal_task,-1,none,uncertain,,,,,,,,,,,,,0.06,0.75,-0.69,3.8,3.0,1.3,49.7,3.8,12.2,-3.5,132.9,13.1
trial_unset,subject_unset,9300,unlabeled,ignore,normal_task,-1,none,uncertain,-0.1726,-0.3778,-0.9172,-0.6104,-0.061,-0.3662,,,,,,,,,,,,,,,,,,
trial_unset,subject_unset,9320,unlabeled,ignore,normal_task,-1,none,uncertain,-0.1726,-0.3778,-0.9172,-0.6104,-0.061,-0.3662,,,,,,,,,,,,,,,,,,
trial_unset,subject_unset,9340,unlabeled,ignore,normal_task,-1,none,uncertain,-0.1726,-0.3778,-0.9172,-0.6104,-0.061,-0.3662,,,,,,,,,,,,,,,,,,
trial_unset,subject_unset,9400,unlabeled,ignore,normal_task,-1,none,uncertain,,,,,,,,,,,,,0.06,0.75,-0.69,3.8,3.0,1.3,49.7,3.8,12.2,-3.5,132.9,13.1
trial_unset,subject_unset,9420,unlabeled,ignore,normal_task,-1,none,uncertain,,,,,,,,,,,,,0.06,0.75,-0.69,3.8,3.0,1.3,49.7,3.8,12.2,-3.5,132.9,13.1
trial_unset,subject_unset,9440,unlabeled,ignore,normal_task,-1,none,uncertain,,,,,,,,,,,,,0.06,0.75,-0.69,3.8,3.0,1.3,49.7,3.8,12.2,-3.5,132.9,13.1
trial_unset,subject_unset,9580,unlabeled,ignore,normal_task,-1,none,uncertain,-0.1826,-0.365,-0.9194,-0.6714,-0.1221,-0.3662,,,,,,,,,,,,,,,,,,
trial_unset,subject_unset,9600,unlabeled,ignore,normal_task,-1,none,uncertain,-0.1826,-0.365,-0.9194,-0.6714,-0.1221,-0.3662,,,,,,,,,,,,,,,,,,
trial_unset,subject_unset,9620,unlabeled,ignore,normal_task,-1,none,uncertain,-0.1826,-0.365,-0.9194,-0.6714,-0.1221,-0.3662,,,,,,,,,,,,,,,,,,
trial_unset,subject_unset,9840,unlabeled,ignore,normal_task,-1,none,uncertain,,,,,,,,,,,,,0.06,0.75,-0.69,3.8,3.0,1.4,49.9,3.8,12.4,-3.8,133.2,13.2
trial_unset,subject_unset,9860,unlabeled,ignore,normal_task,-1,none,uncertain,,,,,,,,,,,,,0.06,0.75,-0.69,3.8,3.0,1.4,49.9,3.8,12.4,-3.8,133.2,13.2
trial_unset,subject_unset,9880,unlabeled,ignore,normal_task,-1,none,uncertain,-0.1761,-0.379,-0.9154,-0.6104,-0.1221,-0.4272,,,,,,,0.06,0.75,-0.69,3.8,3.0,1.4,49.9,3.8,12.4,-3.8,133.2,13.2
trial_unset,subject_unset,9900,unlabeled,ignore,normal_task,-1,none,uncertain,-0.1761,-0.379,-0.9154,-0.6104,-0.1221,-0.4272,,,,,,,,,,,,,,,,,,
trial_unset,subject_unset,9920,unlabeled,ignore,normal_task,-1,none,uncertain,-0.1761,-0.379,-0.9154,-0.6104,-0.1221,-0.4272,,,,,,,,,,,,,,,,,,
trial_unset,subject_unset,10000,unlabeled,ignore,normal_task,-1,none,uncertain,,,,,,,,,,,,,0.06,0.75,-0.69,3.8,3.0,1.4,49.9,3.8,12.4,-3.8,133.2,13.2
trial_unset,subject_unset,10020,unlabeled,ignore,normal_task,-1,none,uncertain,,,,,,,,,,,,,0.06,0.75,-0.69,3.8,3.0,1.4,49.9,3.8,12.4,-3.8,133.2,13.2
trial_unset,subject_unset,10040,unlabeled,ignore,normal_task,-1,none,uncertain,,,,,,,,,,,,,0.06,0.75,-0.69,3.8,3.0,1.4,49.9,3.8,12.4,-3.8,133.2,13.2
trial_unset,subject_unset,10180,unlabeled,ignore,normal_task,-1,none,uncertain,-0.1814,-0.3671,-0.9188,-0.6104,-0.1221,-0.3662,,,,,,,,,,,,,,,,,,
trial_unset,subject_unset,10200,unlabeled,ignore,normal_task,-1,none,uncertain,-0.1814,-0.3671,-0.9188,-0.6104,-0.1221,-0.3662,,,,,,,,,,,,,,,,,,
trial_unset,subject_unset,10220,unlabeled,ignore,normal_task,-1,none,uncertain,-0.1814,-0.3671,-0.9188,-0.6104,-0.1221,-0.3662,,,,,,,,,,,,,,,,,,
trial_unset,subject_unset,10520,unlabeled,ignore,normal_task,-1,none,uncertain,-0.181,-0.3673,-0.9192,-0.6104,-0.1221,-0.3662,,,,,,,,,,,,,,,,,,
trial_unset,subject_unset,10540,unlabeled,ignore,normal_task,-1,none,uncertain,-0.181,-0.3673,-0.9192,-0.6104,-0.1221,-0.3662,,,,,,,0.06,0.75,-0.69,3.9,3.0,1.4,49.9,3.8,12.5,-3.6,132.9,13.3
trial_unset,subject_unset,10560,unlabeled,ignore,normal_task,-1,none,uncertain,-0.181,-0.3673,-0.9192,-0.6104,-0.1221,-0.3662,,,,,,,0.06,0.75,-0.69,3.9,3.0,1.4,49.9,3.8,12.5,-3.6,132.9,13.3
trial_unset,subject_unset,10580,unlabeled,ignore,normal_task,-1,none,uncertain,,,,,,,,,,,,,0.06,0.75,-0.69,3.9,3.0,1.4,49.9,3.8,12.5,-3.6,132.9,13.3
trial_unset,subject_unset,10720,unlabeled,ignore,normal_task,-1,none,uncertain,-0.1803,-0.3701,-0.9181,-0.6104,-0.1221,-0.3662,,,,,,,,,,,,,,,,,,
trial_unset,subject_unset,10740,unlabeled,ignore,normal_task,-1,none,uncertain,-0.1803,-0.3701,-0.9181,-0.6104,-0.1221,-0.3662,,,,,,,,,,,,,,,,,,
trial_unset,subject_unset,10760,unlabeled,ignore,normal_task,-1,none,uncertain,-0.1803,-0.3701,-0.9181,-0.6104,-0.1221,-0.3662,,,,,,,,,,,,,,,,,,
trial_unset,subject_unset,10820,unlabeled,ignore,normal_task,-1,none,uncertain,,,,,,,,,,,,,0.06,0.75,-0.69,3.9,3.0,1.4,49.9,3.8,12.5,-3.6,132.9,13.3
trial_unset,subject_unset,10840,unlabeled,ignore,normal_task,-1,none,uncertain,,,,,,,,,,,,,0.06,0.75,-0.69,3.9,3.0,1.4,49.9,3.8,12.5,-3.6,132.9,13.3
trial_unset,subject_unset,10860,unlabeled,ignore,normal_task,-1,none,uncertain,,,,,,,,,,,,,0.06,0.75,-0.69,3.9,3.0,1.4,49.9,3.8,12.5,-3.6,132.9,13.3
trial_unset,subject_unset,11100,unlabeled,ignore,normal_task,-1,none,uncertain,,,,,,,,,,,,,0.06,0.75,-0.69,3.8,2.9,1.5,50.0,3.9,12.8,-3.6,132.9,13.5
trial_unset,subject_unset,11120,unlabeled,ignore,normal_task,-1,none,uncertain,,,,,,,,,,,,,0.06,0.75,-0.69,3.8,2.9,1.5,50.0,3.9,12.8,-3.6,132.9,13.5
trial_unset,subject_unset,11140,unlabeled,ignore,normal_task,-1,none,uncertain,,,,,,,,,,,,,0.06,0.75,-0.69,3.8,2.9,1.5,50.0,3.9,12.8,-3.6,132.9,13.5
trial_unset,subject_unset,11260,unlabeled,ignore,normal_task,-1,none,uncertain,-0.1791,-0.3701,-0.9177,-0.6104,-0.1221,-0.3662,,,,,,,,,,,,,,,,,,
trial_unset,subject_unset,11280,unlabeled,ignore,normal_task,-1,none,uncertain,-0.1791,-0.3701,-0.9177,-0.6104,-0.1221,-0.3662,,,,,,,,,,,,,,,,,,
trial_unset,subject_unset,11300,unlabeled,ignore,normal_task,-1,none,uncertain,-0.1791,-0.3701,-0.9177,-0.6104,-0.1221,-0.3662,,,,,,,,,,,,,,,,,,
trial_unset,subject_unset,11340,unlabeled,ignore,normal_task,-1,none,uncertain,,,,,,,,,,,,,0.06,0.75,-0.69,3.8,2.9,1.5,50.0,3.9,12.8,-3.6,132.9,13.5
trial_unset,subject_unset,11360,unlabeled,ignore,normal_task,-1,none,uncertain,,,,,,,,,,,,,0.06,0.75,-0.69,3.8,2.9,1.5,50.0,3.9,12.8,-3.6,132.9,13.5
trial_unset,subject_unset,11380,unlabeled,ignore,normal_task,-1,none,uncertain,,,,,,,,,,,,,0.06,0.75,-0.69,3.8,2.9,1.5,50.0,3.9,12.8,-3.6,132.9,13.5
trial_unset,subject_unset,11500,unlabeled,ignore,normal_task,-1,none,uncertain,-0.1798,-0.3708,-0.9182,-0.6104,-0.1221,-0.3662,,,,,,,,,,,,,,,,,,
trial_unset,subject_unset,11520,unlabeled,ignore,normal_task,-1,none,uncertain,-0.1798,-0.3708,-0.9182,-0.6104,-0.1221,-0.3662,,,,,,,,,,,,,,,,,,
trial_unset,subject_unset,11540,unlabeled,ignore,normal_task,-1,none,uncertain,-0.1798,-0.3708,-0.9182,-0.6104,-0.1221,-0.3662,,,,,,,,,,,,,,,,,,
trial_unset,subject_unset,11740,unlabeled,ignore,normal_task,-1,none,uncertain,,,,,,,,,,,,,0.06,0.75,-0.69,3.5,3.1,1.3,50.0,3.9,12.5,-3.7,133.3,13.4
trial_unset,subject_unset,11760,unlabeled,ignore,normal_task,-1,none,uncertain,,,,,,,,,,,,,0.06,0.75,-0.69,3.5,3.1,1.3,50.0,3.9,12.5,-3.7,133.3,13.4
trial_unset,subject_unset,11780,unlabeled,ignore,normal_task,-1,none,uncertain,,,,,,,,,,,,,0.06,0.75,-0.69,3.5,3.1,1.3,50.0,3.9,12.5,-3.7,133.3,13.4
trial_unset,subject_unset,11800,unlabeled,ignore,normal_task,-1,none,uncertain,-0.178,-0.3721,-0.9172,-0.6104,-0.1221,-0.3662,,,,,,,,,,,,,,,,,,
trial_unset,subject_unset,11820,unlabeled,ignore,normal_task,-1,none,uncertain,-0.178,-0.3721,-0.9172,-0.6104,-0.1221,-0.3662,,,,,,,,,,,,,,,,,,
trial_unset,subject_unset,11840,unlabeled,ignore,normal_task,-1,none,uncertain,-0.178,-0.3721,-0.9172,-0.6104,-0.1221,-0.3662,,,,,,,,,,,,,,,,,,
trial_unset,subject_unset,11900,unlabeled,ignore,normal_task,-1,none,uncertain,,,,,,,,,,,,,0.06,0.75,-0.69,3.5,3.1,1.3,50.0,3.9,12.5,-3.7,133.3,13.4
trial_unset,subject_unset,11920,unlabeled,ignore,normal_task,-1,none,uncertain,,,,,,,,,,,,,0.06,0.75,-0.69,3.5,3.1,1.3,50.0,3.9,12.5,-3.7,133.3,13.4
trial_unset,subject_unset,11940,unlabeled,ignore,normal_task,-1,none,uncertain,,,,,,,,,,,,,0.06,0.75,-0.69,3.5,3.1,1.3,50.0,3.9,12.5,-3.7,133.3,13.4
trial_unset,subject_unset,12180,unlabeled,ignore,normal_task,-1,none,uncertain,,,,,,,,,,,,,0.06,0.74,-0.69,3.7,3.0,1.3,49.9,3.9,12.7,-3.7,133.3,13.5
trial_unset,subject_unset,12200,unlabeled,ignore,normal_task,-1,none,uncertain,-0.1787,-0.3702,-0.9189,-0.6104,-0.1221,-0.3662,,,,,,,0.06,0.74,-0.69,3.7,3.0,1.3,49.9,3.9,12.7,-3.7,133.3,13.5
trial_unset,subject_unset,12220,unlabeled,ignore,normal_task,-1,none,uncertain,-0.1787,-0.3702,-0.9189,-0.6104,-0.1221,-0.3662,,,,,,,0.06,0.74,-0.69,3.7,3.0,1.3,49.9,3.9,12.7,-3.7,133.3,13.5
trial_unset,subject_unset,12240,unlabeled,ignore,normal_task,-1,none,uncertain,-0.1787,-0.3702,-0.9189,-0.6104,-0.1221,-0.3662,,,,,,,,,,,,,,,,,,
trial_unset,subject_unset,12340,unlabeled,ignore,normal_task,-1,none,uncertain,,,,,,,,,,,,,0.06,0.74,-0.69,3.7,3.0,1.3,49.9,3.9,12.7,-3.7,133.3,13.5
trial_unset,subject_unset,12360,unlabeled,ignore,normal_task,-1,none,uncertain,,,,,,,,,,,,,0.06,0.74,-0.69,3.7,3.0,1.3,49.9,3.9,12.7,-3.7,133.3,13.5
trial_unset,subject_unset,12380,unlabeled,ignore,normal_task,-1,none,uncertain,,,,,,,,,,,,,0.06,0.74,-0.69,3.7,3.0,1.3,49.9,3.9,12.7,-3.7,133.3,13.5
trial_unset,subject_unset,12640,unlabeled,ignore,normal_task,-1,none,uncertain,,,,,,,,,,,,,0.06,0.74,-0.7,3.8,3.0,1.4,49.9,4.0,12.6,-3.7,133.4,13.5
trial_unset,subject_unset,12660,unlabeled,ignore,normal_task,-1,none,uncertain,,,,,,,,,,,,,0.06,0.74,-0.7,3.8,3.0,1.4,49.9,4.0,12.6,-3.7,133.4,13.5
trial_unset,subject_unset,12680,unlabeled,ignore,normal_task,-1,none,uncertain,,,,,,,,,,,,,0.06,0.74,-0.7,3.8,3.0,1.4,49.9,4.0,12.6,-3.7,133.4,13.5
trial_unset,subject_unset,12720,unlabeled,ignore,normal_task,-1,none,uncertain,-0.1801,-0.3689,-0.9181,-0.6104,-0.061,-0.3052,,,,,,,,,,,,,,,,,,
trial_unset,subject_unset,12740,unlabeled,ignore,normal_task,-1,none,uncertain,-0.1801,-0.3689,-0.9181,-0.6104,-0.061,-0.3052,,,,,,,,,,,,,,,,,,
trial_unset,subject_unset,12760,unlabeled,ignore,normal_task,-1,none,uncertain,-0.1801,-0.3689,-0.9181,-0.6104,-0.061,-0.3052,,,,,,,,,,,,,,,,,,
trial_unset,subject_unset,12820,unlabeled,ignore,normal_task,-1,none,uncertain,,,,,,,,,,,,,0.06,0.74,-0.7,3.8,3.0,1.4,49.9,4.0,12.6,-3.7,133.4,13.5
trial_unset,subject_unset,12840,unlabeled,ignore,normal_task,-1,none,uncertain,,,,,,,,,,,,,0.06,0.74,-0.7,3.8,3.0,1.4,49.9,4.0,12.6,-3.7,133.4,13.5
trial_unset,subject_unset,12860,unlabeled,ignore,normal_task,-1,none,uncertain,,,,,,,,,,,,,0.06,0.74,-0.7,3.8,3.0,1.4,49.9,4.0,12.6,-3.7,133.4,13.5
trial_unset,subject_unset,13080,unlabeled,ignore,normal_task,-1,none,uncertain,,,,,,,,,,,,,0.06,0.74,-0.7,3.7,3.1,1.3,50.0,4.0,12.6,-3.6,133.2,13.6
trial_unset,subject_unset,13100,unlabeled,ignore,normal_task,-1,none,uncertain,,,,,,,,,,,,,0.06,0.74,-0.7,3.7,3.1,1.3,50.0,4.0,12.6,-3.6,133.2,13.6
trial_unset,subject_unset,13120,unlabeled,ignore,normal_task,-1,none,uncertain,-0.1786,-0.3706,-0.9177,-0.6104,-0.1221,-0.3052,,,,,,,0.06,0.74,-0.7,3.7,3.1,1.3,50.0,4.0,12.6,-3.6,133.2,13.6
trial_unset,subject_unset,13140,unlabeled,ignore,normal_task,-1,none,uncertain,-0.1786,-0.3706,-0.9177,-0.6104,-0.1221,-0.3052,,,,,,,,,,,,,,,,,,
trial_unset,subject_unset,13160,unlabeled,ignore,normal_task,-1,none,uncertain,-0.1786,-0.3706,-0.9177,-0.6104,-0.1221,-0.3052,,,,,,,,,,,,,,,,,,
trial_unset,subject_unset,13240,unlabeled,ignore,normal_task,-1,none,uncertain,,,,,,,,,,,,,0.06,0.74,-0.7,3.7,3.1,1.3,50.0,4.0,12.6,-3.6,133.2,13.6
trial_unset,subject_unset,13260,unlabeled,ignore,normal_task,-1,none,uncertain,,,,,,,,,,,,,0.06,0.74,-0.7,3.7,3.1,1.3,50.0,4.0,12.6,-3.6,133.2,13.6
trial_unset,subject_unset,13280,unlabeled,ignore,normal_task,-1,none,uncertain,,,,,,,,,,,,,0.06,0.74,-0.7,3.7,3.1,1.3,50.0,4.0,12.6,-3.6,133.2,13.6
trial_unset,subject_unset,13540,unlabeled,ignore,normal_task,-1,none,uncertain,,,,,,,,,,,,,0.06,0.74,-0.7,3.8,3.0,1.4,50.0,4.1,12.5,-3.7,133.5,13.4
trial_unset,subject_unset,13560,unlabeled,ignore,normal_task,-1,none,uncertain,,,,,,,,,,,,,0.06,0.74,-0.7,3.8,3.0,1.4,50.0,4.1,12.5,-3.7,133.5,13.4
trial_unset,subject_unset,13580,unlabeled,ignore,normal_task,-1,none,uncertain,,,,,,,,,,,,,0.06,0.74,-0.7,3.8,3.0,1.4,50.0,4.1,12.5,-3.7,133.5,13.4
trial_unset,subject_unset,13620,unlabeled,ignore,normal_task,-1,none,uncertain,-0.1794,-0.3724,-0.9175,-0.6104,-0.1221,-0.3662,,,,,,,,,,,,,,,,,,
trial_unset,subject_unset,13640,unlabeled,ignore,normal_task,-1,none,uncertain,-0.1794,-0.3724,-0.9175,-0.6104,-0.1221,-0.3662,,,,,,,,,,,,,,,,,,
trial_unset,subject_unset,13660,unlabeled,ignore,normal_task,-1,none,uncertain,-0.1794,-0.3724,-0.9175,-0.6104,-0.1221,-0.3662,,,,,,,,,,,,,,,,,,
trial_unset,subject_unset,13700,unlabeled,ignore,normal_task,-1,none,uncertain,,,,,,,,,,,,,0.06,0.74,-0.7,3.8,3.0,1.4,50.0,4.1,12.5,-3.7,133.5,13.4
trial_unset,subject_unset,13720,unlabeled,ignore,normal_task,-1,none,uncertain,,,,,,,,,,,,,0.06,0.74,-0.7,3.8,3.0,1.4,50.0,4.1,12.5,-3.7,133.5,13.4
trial_unset,subject_unset,13740,unlabeled,ignore,normal_task,-1,none,uncertain,,,,,,,,,,,,,0.06,0.74,-0.7,3.8,3.0,1.4,50.0,4.1,12.5,-3.7,133.5,13.4
trial_unset,subject_unset,13980,unlabeled,ignore,normal_task,-1,none,uncertain,,,,,,,,,,,,,0.06,0.74,-0.7,3.8,3.0,1.4,50.0,4.1,12.5,-3.7,133.5,13.5
trial_unset,subject_unset,14000,unlabeled,ignore,normal_task,-1,none,uncertain,,,,,,,,,,,,,0.06,0.74,-0.7,3.8,3.0,1.4,50.0,4.1,12.5,-3.7,133.5,13.5
trial_unset,subject_unset,14020,unlabeled,ignore,normal_task,-1,none,uncertain,,,,,,,,,,,,,0.06,0.74,-0.7,3.8,3.0,1.4,50.0,4.1,12.5,-3.7,133.5,13.5
trial_unset,subject_unset,14100,unlabeled,ignore,normal_task,-1,none,uncertain,-0.177,-0.3768,-0.9164,-0.5493,-0.1221,-0.3662,,,,,,,,,,,,,,,,,,
trial_unset,subject_unset,14120,unlabeled,ignore,normal_task,-1,none,uncertain,-0.177,-0.3768,-0.9164,-0.5493,-0.1221,-0.3662,,,,,,,,,,,,,,,,,,
trial_unset,subject_unset,14140,unlabeled,ignore,normal_task,-1,none,uncertain,-0.177,-0.3768,-0.9164,-0.5493,-0.1221,-0.3662,,,,,,,,,,,,,,,,,,
trial_unset,subject_unset,14240,unlabeled,ignore,normal_task,-1,none,uncertain,,,,,,,,,,,,,0.06,0.74,-0.7,3.8,3.0,1.4,50.0,4.1,12.5,-3.7,133.5,13.5
trial_unset,subject_unset,14260,unlabeled,ignore,normal_task,-1,none,uncertain,,,,,,,,,,,,,0.06,0.74,-0.7,3.8,3.0,1.4,50.0,4.1,12.5,-3.7,133.5,13.5
trial_unset,subject_unset,14280,unlabeled,ignore,normal_task,-1,none,uncertain,,,,,,,,,,,,,0.06,0.74,-0.7,3.8,3.0,1.4,50.0,4.1,12.5,-3.7,133.5,13.5
trial_unset,subject_unset,14520,unlabeled,ignore,normal_task,-1,none,uncertain,,,,,,,,,,,,,0.06,0.74,-0.7,3.9,3.0,1.3,50.0,4.2,12.2,-3.5,133.4,13.3
trial_unset,subject_unset,14540,unlabeled,ignore,normal_task,-1,none,uncertain,,,,,,,,,,,,,0.06,0.74,-0.7,3.9,3.0,1.3,50.0,4.2,12.2,-3.5,133.4,13.3
trial_unset,subject_unset,14560,unlabeled,ignore,normal_task,-1,none,uncertain,,,,,,,,,,,,,0.06,0.74,-0.7,3.9,3.0,1.3,50.0,4.2,12.2,-3.5,133.4,13.3
trial_unset,subject_unset,14640,unlabeled,ignore,normal_task,-1,none,uncertain,-0.1777,-0.3738,-0.9183,-0.6104,-0.1221,-0.3662,,,,,,,,,,,,,,,,,,
trial_unset,subject_unset,14660,unlabeled,ignore,normal_task,-1,none,uncertain,-0.1777,-0.3738,-0.9183,-0.6104,-0.1221,-0.3662,,,,,,,,,,,,,,,,,,
trial_unset,subject_unset,14680,unlabeled,ignore,normal_task,-1,none,uncertain,-0.1777,-0.3738,-0.9183,-0.6104,-0.1221,-0.3662,,,,,,,,,,,,,,,,,,
trial_unset,subject_unset,14760,unlabeled,ignore,normal_task,-1,none,uncertain,,,,,,,,,,,,,0.06,0.74,-0.7,3.9,3.0,1.3,50.0,4.2,12.2,-3.5,133.4,13.3
trial_unset,subject_unset,14780,unlabeled,ignore,normal_task,-1,none,uncertain,,,,,,,,,,,,,0.06,0.74,-0.7,3.9,3.0,1.3,50.0,4.2,12.2,-3.5,133.4,13.3
trial_unset,subject_unset,14800,unlabeled,ignore,normal_task,-1,none,uncertain,,,,,,,,,,,,,0.06,0.74,-0.7,3.9,3.0,1.3,50.0,4.2,12.2,-3.5,133.4,13.3
trial_unset,subject_unset,14960,unlabeled,ignore,normal_task,-1,none,uncertain,-0.1788,-0.3713,-0.9181,-0.6714,-0.1221,-0.4272,,,,,,,,,,,,,,,,,,
trial_unset,subject_unset,14980,unlabeled,ignore,normal_task,-1,none,uncertain,-0.1788,-0.3713,-0.9181,-0.6714,-0.1221,-0.4272,,,,,,,,,,,,,,,,,,
trial_unset,subject_unset,15000,unlabeled,ignore,normal_task,-1,none,uncertain,-0.1788,-0.3713,-0.9181,-0.6714,-0.1221,-0.4272,,,,,,,,,,,,,,,,,,
trial_unset,subject_unset,15160,unlabeled,ignore,normal_task,-1,none,uncertain,,,,,,,,,,,,,0.06,0.74,-0.7,3.9,3.0,1.3,49.9,4.4,12.3,-3.7,133.6,13.5
trial_unset,subject_unset,15180,unlabeled,ignore,normal_task,-1,none,uncertain,,,,,,,,,,,,,0.06,0.74,-0.7,3.9,3.0,1.3,49.9,4.4,12.3,-3.7,133.6,13.5
trial_unset,subject_unset,15200,unlabeled,ignore,normal_task,-1,none,uncertain,,,,,,,,,,,,,0.06,0.74,-0.7,3.9,3.0,1.3,49.9,4.4,12.3,-3.7,133.6,13.5
trial_unset,subject_unset,15220,unlabeled,ignore,normal_task,-1,none,uncertain,-0.1772,-0.3723,-0.9178,-0.6104,-0.1221,-0.3662,,,,,,,,,,,,,,,,,,
trial_unset,subject_unset,15240,unlabeled,ignore,normal_task,-1,none,uncertain,-0.1772,-0.3723,-0.9178,-0.6104,-0.1221,-0.3662,,,,,,,,,,,,,,,,,,
trial_unset,subject_unset,15260,unlabeled,ignore,normal_task,-1,none,uncertain,-0.1772,-0.3723,-0.9178,-0.6104,-0.1221,-0.3662,,,,,,,,,,,,,,,,,,
trial_unset,subject_unset,15320,unlabeled,ignore,normal_task,-1,none,uncertain,,,,,,,,,,,,,0.06,0.74,-0.7,3.9,3.0,1.3,49.9,4.4,12.3,-3.7,133.6,13.5
trial_unset,subject_unset,15340,unlabeled,ignore,normal_task,-1,none,uncertain,,,,,,,,,,,,,0.06,0.74,-0.7,3.9,3.0,1.3,49.9,4.4,12.3,-3.7,133.6,13.5
trial_unset,subject_unset,15360,unlabeled,ignore,normal_task,-1,none,uncertain,,,,,,,,,,,,,0.06,0.74,-0.7,3.9,3.0,1.3,49.9,4.4,12.3,-3.7,133.6,13.5
trial_unset,subject_unset,15700,unlabeled,ignore,normal_task,-1,none,uncertain,,,,,,,,,,,,,0.06,0.74,-0.7,3.8,2.9,1.3,49.8,4.4,12.5,-3.7,133.6,13.7
trial_unset,subject_unset,15720,unlabeled,ignore,normal_task,-1,none,uncertain,,,,,,,,,,,,,0.06,0.74,-0.7,3.8,2.9,1.3,49.8,4.4,12.5,-3.7,133.6,13.7
trial_unset,subject_unset,15740,unlabeled,ignore,normal_task,-1,none,uncertain,,,,,,,,,,,,,0.06,0.74,-0.7,3.8,2.9,1.3,49.8,4.4,12.5,-3.7,133.6,13.7
trial_unset,subject_unset,15760,unlabeled,ignore,normal_task,-1,none,uncertain,-0.178,-0.3721,-0.9181,-0.6104,-0.1221,-0.4272,,,,,,,,,,,,,,,,,,
trial_unset,subject_unset,15780,unlabeled,ignore,normal_task,-1,none,uncertain,-0.178,-0.3721,-0.9181,-0.6104,-0.1221,-0.4272,,,,,,,,,,,,,,,,,,
trial_unset,subject_unset,15800,unlabeled,ignore,normal_task,-1,none,uncertain,-0.178,-0.3721,-0.9181,-0.6104,-0.1221,-0.4272,,,,,,,,,,,,,,,,,,
trial_unset,subject_unset,15840,unlabeled,ignore,normal_task,-1,none,uncertain,,,,,,,,,,,,,0.06,0.74,-0.7,3.8,2.9,1.3,49.8,4.4,12.5,-3.7,133.6,13.7
trial_unset,subject_unset,15860,unlabeled,ignore,normal_task,-1,none,uncertain,,,,,,,,,,,,,0.06,0.74,-0.7,3.8,2.9,1.3,49.8,4.4,12.5,-3.7,133.6,13.7
trial_unset,subject_unset,15880,unlabeled,ignore,normal_task,-1,none,uncertain,,,,,,,,,,,,,0.06,0.74,-0.7,3.8,2.9,1.3,49.8,4.4,12.5,-3.7,133.6,13.7
trial_unset,subject_unset,16160,unlabeled,ignore,normal_task,-1,none,uncertain,,,,,,,,,,,,,0.06,0.74,-0.7,3.8,3.0,1.3,49.8,4.3,12.5,-3.7,133.5,13.7
trial_unset,subject_unset,16180,unlabeled,ignore,normal_task,-1,none,uncertain,-0.1776,-0.3738,-0.9177,-0.6104,-0.1221,-0.4272,,,,,,,0.06,0.74,-0.7,3.8,3.0,1.3,49.8,4.3,12.5,-3.7,133.5,13.7
trial_unset,subject_unset,16200,unlabeled,ignore,normal_task,-1,none,uncertain,-0.1776,-0.3738,-0.9177,-0.6104,-0.1221,-0.4272,,,,,,,0.06,0.74,-0.7,3.8,3.0,1.3,49.8,4.3,12.5,-3.7,133.5,13.7
trial_unset,subject_unset,16220,unlabeled,ignore,normal_task,-1,none,uncertain,-0.1776,-0.3738,-0.9177,-0.6104,-0.1221,-0.4272,,,,,,,,,,,,,,,,,,
trial_unset,subject_unset,16300,unlabeled,ignore,normal_task,-1,none,uncertain,,,,,,,,,,,,,0.06,0.74,-0.7,3.8,3.0,1.3,49.8,4.3,12.5,-3.7,133.5,13.7
trial_unset,subject_unset,16320,unlabeled,ignore,normal_task,-1,none,uncertain,,,,,,,,,,,,,0.06,0.74,-0.7,3.8,3.0,1.3,49.8,4.3,12.5,-3.7,133.5,13.7
trial_unset,subject_unset,16340,unlabeled,ignore,normal_task,-1,none,uncertain,,,,,,,,,,,,,0.06,0.74,-0.7,3.8,3.0,1.3,49.8,4.3,12.5,-3.7,133.5,13.7
trial_unset,subject_unset,16560,unlabeled,ignore,normal_task,-1,none,uncertain,,,,,,,,,,,,,0.06,0.74,-0.7,3.8,3.0,1.3,49.7,4.3,12.4,-3.7,133.5,13.6
trial_unset,subject_unset,16580,unlabeled,ignore,normal_task,-1,none,uncertain,,,,,,,,,,,,,0.06,0.74,-0.7,3.8,3.0,1.3,49.7,4.3,12.4,-3.7,133.5,13.6
trial_unset,subject_unset,16600,unlabeled,ignore,normal_task,-1,none,uncertain,,,,,,,,,,,,,0.06,0.74,-0.7,3.8,3.0,1.3,49.7,4.3,12.4,-3.7,133.5,13.6
trial_unset,subject_unset,16680,unlabeled,ignore,normal_task,-1,none,uncertain,-0.1797,-0.3705,-0.9177,-0.6714,-0.1221,-0.4272,,,,,,,,,,,,,,,,,,
trial_unset,subject_unset,16700,unlabeled,ignore,normal_task,-1,none,uncertain,-0.1797,-0.3705,-0.9177,-0.6714,-0.1221,-0.4272,,,,,,,,,,,,,,,,,,
trial_unset,subject_unset,16720,unlabeled,ignore,normal_task,-1,none,uncertain,-0.1797,-0.3705,-0.9177,-0.6714,-0.1221,-0.4272,,,,,,,,,,,,,,,,,,
trial_unset,subject_unset,16760,unlabeled,ignore,normal_task,-1,none,uncertain,,,,,,,,,,,,,0.06,0.74,-0.7,3.8,3.0,1.3,49.7,4.3,12.4,-3.7,133.5,13.6
trial_unset,subject_unset,16780,unlabeled,ignore,normal_task,-1,none,uncertain,,,,,,,,,,,,,0.06,0.74,-0.7,3.8,3.0,1.3,49.7,4.3,12.4,-3.7,133.5,13.6
trial_unset,subject_unset,16800,unlabeled,ignore,normal_task,-1,none,uncertain,,,,,,,,,,,,,0.06,0.74,-0.7,3.8,3.0,1.3,49.7,4.3,12.4,-3.7,133.5,13.6
trial_unset,subject_unset,16940,unlabeled,ignore,normal_task,-1,none,uncertain,-0.1781,-0.3728,-0.9165,-0.6714,-0.1221,-0.3662,,,,,,,,,,,,,,,,,,
trial_unset,subject_unset,16960,unlabeled,ignore,normal_task,-1,none,uncertain,-0.1781,-0.3728,-0.9165,-0.6714,-0.1221,-0.3662,,,,,,,,,,,,,,,,,,
trial_unset,subject_unset,16980,unlabeled,ignore,normal_task,-1,none,uncertain,-0.1781,-0.3728,-0.9165,-0.6714,-0.1221,-0.3662,,,,,,,,,,,,,,,,,,
trial_unset,subject_unset,17180,unlabeled,ignore,normal_task,-1,none,uncertain,,,,,,,,,,,,,0.06,0.74,-0.7,3.9,3.0,1.4,49.7,4.4,12.3,-3.7,133.5,13.6
trial_unset,subject_unset,17200,unlabeled,ignore,normal_task,-1,none,uncertain,,,,,,,,,,,,,0.06,0.74,-0.7,3.9,3.0,1.4,49.7,4.4,12.3,-3.7,133.5,13.6
trial_unset,subject_unset,17220,unlabeled,ignore,normal_task,-1,none,uncertain,,,,,,,,,,,,,0.06,0.74,-0.7,3.9,3.0,1.4,49.7,4.4,12.3,-3.7,133.5,13.6
trial_unset,subject_unset,17240,unlabeled,ignore,normal_task,-1,none,uncertain,-0.178,-0.3739,-0.9175,-0.6104,-0.1221,-0.3662,,,,,,,,,,,,,,,,,,
trial_unset,subject_unset,17260,unlabeled,ignore,normal_task,-1,none,uncertain,-0.178,-0.3739,-0.9175,-0.6104,-0.1221,-0.3662,,,,,,,,,,,,,,,,,,
trial_unset,subject_unset,17280,unlabeled,ignore,normal_task,-1,none,uncertain,-0.178,-0.3739,-0.9175,-0.6104,-0.1221,-0.3662,,,,,,,,,,,,,,,,,,
trial_unset,subject_unset,17320,unlabeled,ignore,normal_task,-1,none,uncertain,,,,,,,,,,,,,0.06,0.74,-0.7,3.9,3.0,1.4,49.7,4.4,12.3,-3.7,133.5,13.6
trial_unset,subject_unset,17340,unlabeled,ignore,normal_task,-1,none,uncertain,,,,,,,,,,,,,0.06,0.74,-0.7,3.9,3.0,1.4,49.7,4.4,12.3,-3.7,133.5,13.6
trial_unset,subject_unset,17360,unlabeled,ignore,normal_task,-1,none,uncertain,,,,,,,,,,,,,0.06,0.74,-0.7,3.9,3.0,1.4,49.7,4.4,12.3,-3.7,133.5,13.6
trial_unset,subject_unset,17640,unlabeled,ignore,normal_task,-1,none,uncertain,-0.1764,-0.3744,-0.9175,-0.6104,-0.1221,-0.3662,,,,,,,,,,,,,,,,,,
trial_unset,subject_unset,17660,unlabeled,ignore,normal_task,-1,none,uncertain,-0.1764,-0.3744,-0.9175,-0.6104,-0.1221,-0.3662,,,,,,,,,,,,,,,,,,
trial_unset,subject_unset,17680,unlabeled,ignore,normal_task,-1,none,uncertain,-0.1764,-0.3744,-0.9175,-0.6104,-0.1221,-0.3662,,,,,,,0.06,0.74,-0.7,3.9,3.0,1.3,49.7,4.3,12.5,-3.7,133.5,13.7
trial_unset,subject_unset,17700,unlabeled,ignore,normal_task,-1,none,uncertain,,,,,,,,,,,,,0.06,0.74,-0.7,3.9,3.0,1.3,49.7,4.3,12.5,-3.7,133.5,13.7
trial_unset,subject_unset,17720,unlabeled,ignore,normal_task,-1,none,uncertain,,,,,,,,,,,,,0.06,0.74,-0.7,3.9,3.0,1.3,49.7,4.3,12.5,-3.7,133.5,13.7
trial_unset,subject_unset,17820,unlabeled,ignore,normal_task,-1,none,uncertain,-0.1774,-0.3756,-0.9161,-0.6104,-0.1221,-0.4272,,,,,,,,,,,,,,,,,,
trial_unset,subject_unset,17840,unlabeled,ignore,normal_task,-1,none,uncertain,-0.1774,-0.3756,-0.9161,-0.6104,-0.1221,-0.4272,,,,,,,,,,,,,,,,,,
trial_unset,subject_unset,17860,unlabeled,ignore,normal_task,-1,none,uncertain,-0.1774,-0.3756,-0.9161,-0.6104,-0.1221,-0.4272,,,,,,,,,,,,,,,,,,
trial_unset,subject_unset,17940,unlabeled,ignore,normal_task,-1,none,uncertain,,,,,,,,,,,,,0.06,0.74,-0.7,3.9,3.0,1.3,49.7,4.3,12.5,-3.7,133.5,13.7
trial_unset,subject_unset,17960,unlabeled,ignore,normal_task,-1,none,uncertain,,,,,,,,,,,,,0.06,0.74,-0.7,3.9,3.0,1.3,49.7,4.3,12.5,-3.7,133.5,13.7
trial_unset,subject_unset,17980,unlabeled,ignore,normal_task,-1,none,uncertain,,,,,,,,,,,,,0.06,0.74,-0.7,3.9,3.0,1.3,49.7,4.3,12.5,-3.7,133.5,13.7
trial_unset,subject_unset,18220,unlabeled,ignore,normal_task,-1,none,uncertain,,,,,,,,,,,,,0.06,0.74,-0.7,3.9,3.0,1.4,49.8,4.4,12.7,-3.6,133.5,13.9
trial_unset,subject_unset,18240,unlabeled,ignore,normal_task,-1,none,uncertain,,,,,,,,,,,,,0.06,0.74,-0.7,3.9,3.0,1.4,49.8,4.4,12.7,-3.6,133.5,13.9
trial_unset,subject_unset,18260,unlabeled,ignore,normal_task,-1,none,uncertain,,,,,,,,,,,,,0.06,0.74,-0.7,3.9,3.0,1.4,49.8,4.4,12.7,-3.6,133.5,13.9
trial_unset,subject_unset,18380,unlabeled,ignore,normal_task,-1,none,uncertain,-0.1772,-0.3766,-0.9166,-0.6104,-0.1221,-0.3662,,,,,,,,,,,,,,,,,,
trial_unset,subject_unset,18400,unlabeled,ignore,normal_task,-1,none,uncertain,-0.1772,-0.3766,-0.9166,-0.6104,-0.1221,-0.3662,,,,,,,,,,,,,,,,,,
trial_unset,subject_unset,18420,unlabeled,ignore,normal_task,-1,none,uncertain,-0.1772,-0.3766,-0.9166,-0.6104,-0.1221,-0.3662,,,,,,,,,,,,,,,,,,
trial_unset,subject_unset,18520,unlabeled,ignore,normal_task,-1,none,uncertain,,,,,,,,,,,,,0.06,0.74,-0.7,3.9,3.0,1.4,49.8,4.4,12.7,-3.6,133.5,13.9
trial_unset,subject_unset,18540,unlabeled,ignore,normal_task,-1,none,uncertain,,,,,,,,,,,,,0.06,0.74,-0.7,3.9,3.0,1.4,49.8,4.4,12.7,-3.6,133.5,13.9
trial_unset,subject_unset,18560,unlabeled,ignore,normal_task,-1,none,uncertain,,,,,,,,,,,,,0.06,0.74,-0.7,3.9,3.0,1.4,49.8,4.4,12.7,-3.6,133.5,13.9
trial_unset,subject_unset,18880,unlabeled,ignore,normal_task,-1,none,uncertain,-0.1765,-0.3767,-0.9166,-0.6714,-0.1221,-0.3662,,,,,,,,,,,,,,,,,,
trial_unset,subject_unset,18900,unlabeled,ignore,normal_task,-1,none,uncertain,-0.1765,-0.3767,-0.9166,-0.6714,-0.1221,-0.3662,,,,,,,0.06,0.74,-0.7,3.7,3.0,1.3,49.8,4.4,12.5,-3.5,133.4,13.7
trial_unset,subject_unset,18920,unlabeled,ignore,normal_task,-1,none,uncertain,-0.1765,-0.3767,-0.9166,-0.6714,-0.1221,-0.3662,,,,,,,0.06,0.74,-0.7,3.7,3.0,1.3,49.8,4.4,12.5,-3.5,133.4,13.7
trial_unset,subject_unset,18940,unlabeled,ignore,normal_task,-1,none,uncertain,,,,,,,,,,,,,0.06,0.74,-0.7,3.7,3.0,1.3,49.8,4.4,12.5,-3.5,133.4,13.7
trial_unset,subject_unset,19040,unlabeled,ignore,normal_task,-1,none,uncertain,-0.1783,-0.373,-0.9182,-0.6714,-0.1221,-0.4272,,,,,,,,,,,,,,,,,,
trial_unset,subject_unset,19060,unlabeled,ignore,normal_task,-1,none,uncertain,-0.1783,-0.373,-0.9182,-0.6714,-0.1221,-0.4272,,,,,,,,,,,,,,,,,,
trial_unset,subject_unset,19080,unlabeled,ignore,normal_task,-1,none,uncertain,-0.1783,-0.373,-0.9182,-0.6714,-0.1221,-0.4272,,,,,,,,,,,,,,,,,,
trial_unset,subject_unset,19200,unlabeled,ignore,normal_task,-1,none,uncertain,,,,,,,,,,,,,0.06,0.74,-0.7,3.7,3.0,1.3,49.8,4.4,12.5,-3.5,133.4,13.7
trial_unset,subject_unset,19220,unlabeled,ignore,normal_task,-1,none,uncertain,,,,,,,,,,,,,0.06,0.74,-0.7,3.7,3.0,1.3,49.8,4.4,12.5,-3.5,133.4,13.7
trial_unset,subject_unset,19240,unlabeled,ignore,normal_task,-1,none,uncertain,,,,,,,,,,,,,0.06,0.74,-0.7,3.7,3.0,1.3,49.8,4.4,12.5,-3.5,133.4,13.7
trial_unset,subject_unset,19560,unlabeled,ignore,normal_task,-1,none,uncertain,-0.1815,-0.3676,-0.9186,-0.6104,-0.1221,-0.3662,,,,,,,0.06,0.74,-0.7,3.8,3.0,1.3,49.7,4.3,12.7,-3.7,133.6,13.9
trial_unset,subject_unset,19580,unlabeled,ignore,normal_task,-1,none,uncertain,-0.1815,-0.3676,-0.9186,-0.6104,-0.1221,-0.3662,,,,,,,0.06,0.74,-0.7,3.8,3.0,1.3,49.7,4.3,12.7,-3.7,133.6,13.9
trial_unset,subject_unset,19600,unlabeled,ignore,normal_task,-1,none,uncertain,-0.1815,-0.3676,-0.9186,-0.6104,-0.1221,-0.3662,,,,,,,0.06,0.74,-0.7,3.8,3.0,1.3,49.7,4.3,12.7,-3.7,133.6,13.9
trial_unset,subject_unset,19740,unlabeled,ignore,normal_task,-1,none,uncertain,-0.1791,-0.3705,-0.9177,-0.6104,-0.1221,-0.4272,,,,,,,,,,,,,,,,,,
trial_unset,subject_unset,19760,unlabeled,ignore,normal_task,-1,none,uncertain,-0.1791,-0.3705,-0.9177,-0.6104,-0.1221,-0.4272,,,,,,,,,,,,,,,,,,
trial_unset,subject_unset,19780,unlabeled,ignore,normal_task,-1,none,uncertain,-0.1791,-0.3705,-0.9177,-0.6104,-0.1221,-0.4272,,,,,,,,,,,,,,,,,,
trial_unset,subject_unset,19820,unlabeled,ignore,normal_task,-1,none,uncertain,,,,,,,,,,,,,0.06,0.74,-0.7,3.8,3.0,1.3,49.7,4.3,12.7,-3.7,133.6,13.9
trial_unset,subject_unset,19840,unlabeled,ignore,normal_task,-1,none,uncertain,,,,,,,,,,,,,0.06,0.74,-0.7,3.8,3.0,1.3,49.7,4.3,12.7,-3.7,133.6,13.9
trial_unset,subject_unset,19860,unlabeled,ignore,normal_task,-1,none,uncertain,,,,,,,,,,,,,0.06,0.74,-0.7,3.8,3.0,1.3,49.7,4.3,12.7,-3.7,133.6,13.9
trial_unset,subject_unset,20120,unlabeled,ignore,normal_task,-1,none,uncertain,,,,,,,,,,,,,0.06,0.74,-0.7,3.7,3.1,1.3,49.6,4.3,12.7,-3.6,133.5,13.9
trial_unset,subject_unset,20140,unlabeled,ignore,normal_task,-1,none,uncertain,-0.1792,-0.3728,-0.9176,-0.6104,-0.1221,-0.3662,,,,,,,0.06,0.74,-0.7,3.7,3.1,1.3,49.6,4.3,12.7,-3.6,133.5,13.9
trial_unset,subject_unset,20160,unlabeled,ignore,normal_task,-1,none,uncertain,-0.1792,-0.3728,-0.9176,-0.6104,-0.1221,-0.3662,,,,,,,0.06,0.74,-0.7,3.7,3.1,1.3,49.6,4.3,12.7,-3.6,133.5,13.9
trial_unset,subject_unset,20180,unlabeled,ignore,normal_task,-1,none,uncertain,-0.1792,-0.3728,-0.9176,-0.6104,-0.1221,-0.3662,,,,,,,,,,,,,,,,,,
trial_unset,subject_unset,20260,unlabeled,ignore,normal_task,-1,none,uncertain,,,,,,,,,,,,,0.06,0.74,-0.7,3.7,3.1,1.3,49.6,4.3,12.7,-3.6,133.5,13.9
trial_unset,subject_unset,20280,unlabeled,ignore,normal_task,-1,none,uncertain,,,,,,,,,,,,,0.06,0.74,-0.7,3.7,3.1,1.3,49.6,4.3,12.7,-3.6,133.5,13.9
trial_unset,subject_unset,20300,unlabeled,ignore,normal_task,-1,none,uncertain,,,,,,,,,,,,,0.06,0.74,-0.7,3.7,3.1,1.3,49.6,4.3,12.7,-3.6,133.5,13.9
trial_unset,subject_unset,20560,unlabeled,ignore,normal_task,-1,none,uncertain,,,,,,,,,,,,,0.06,0.74,-0.7,3.7,3.0,1.4,49.6,4.3,12.6,-3.6,133.5,13.8
trial_unset,subject_unset,20580,unlabeled,ignore,normal_task,-1,none,uncertain,,,,,,,,,,,,,0.06,0.74,-0.7,3.7,3.0,1.4,49.6,4.3,12.6,-3.6,133.5,13.8
trial_unset,subject_unset,20600,unlabeled,ignore,normal_task,-1,none,uncertain,,,,,,,,,,,,,0.06,0.74,-0.7,3.7,3.0,1.4,49.6,4.3,12.6,-3.6,133.5,13.8
trial_unset,subject_unset,20640,unlabeled,ignore,normal_task,-1,none,uncertain,-0.1765,-0.3774,-0.9159,-0.6714,-0.1221,-0.4272,,,,,,,,,,,,,,,,,,
trial_unset,subject_unset,20660,unlabeled,ignore,normal_task,-1,none,uncertain,-0.1765,-0.3774,-0.9159,-0.6714,-0.1221,-0.4272,,,,,,,,,,,,,,,,,,
trial_unset,subject_unset,20680,unlabeled,ignore,normal_task,-1,none,uncertain,-0.1765,-0.3774,-0.9159,-0.6714,-0.1221,-0.4272,,,,,,,,,,,,,,,,,,
trial_unset,subject_unset,20720,unlabeled,ignore,normal_task,-1,none,uncertain,,,,,,,,,,,,,0.06,0.74,-0.7,3.7,3.0,1.4,49.6,4.3,12.6,-3.6,133.5,13.8
trial_unset,subject_unset,20740,unlabeled,ignore,normal_task,-1,none,uncertain,,,,,,,,,,,,,0.06,0.74,-0.7,3.7,3.0,1.4,49.6,4.3,12.6,-3.6,133.5,13.8
trial_unset,subject_unset,20760,unlabeled,ignore,normal_task,-1,none,uncertain,,,,,,,,,,,,,0.06,0.74,-0.7,3.7,3.0,1.4,49.6,4.3,12.6,-3.6,133.5,13.8
trial_unset,subject_unset,21060,unlabeled,ignore,normal_task,-1,none,uncertain,,,,,,,,,,,,,0.06,0.74,-0.7,3.7,3.0,1.3,49.7,4.3,12.3,-3.5,133.3,13.6
trial_unset,subject_unset,21080,unlabeled,ignore,normal_task,-1,none,uncertain,,,,,,,,,,,,,0.06,0.74,-0.7,3.7,3.0,1.3,49.7,4.3,12.3,-3.5,133.3,13.6
trial_unset,subject_unset,21100,unlabeled,ignore,normal_task,-1,none,uncertain,,,,,,,,,,,,,0.06,0.74,-0.7,3.7,3.0,1.3,49.7,4.3,12.3,-3.5,133.3,13.6
trial_unset,subject_unset,21140,unlabeled,ignore,normal_task,-1,none,uncertain,-0.1768,-0.3726,-0.9178,-0.6104,-0.1221,-0.3662,,,,,,,,,,,,,,,,,,
trial_unset,subject_unset,21160,unlabeled,ignore,normal_task,-1,none,uncertain,-0.1768,-0.3726,-0.9178,-0.6104,-0.1221,-0.3662,,,,,,,,,,,,,,,,,,
trial_unset,subject_unset,21180,unlabeled,ignore,normal_task,-1,none,uncertain,-0.1768,-0.3726,-0.9178,-0.6104,-0.1221,-0.3662,,,,,,,,,,,,,,,,,,
trial_unset,subject_unset,21220,unlabeled,ignore,normal_task,-1,none,uncertain,,,,,,,,,,,,,0.06,0.74,-0.7,3.7,3.0,1.3,49.7,4.3,12.3,-3.5,133.3,13.6
trial_unset,subject_unset,21240,unlabeled,ignore,normal_task,-1,none,uncertain,,,,,,,,,,,,,0.06,0.74,-0.7,3.7,3.0,1.3,49.7,4.3,12.3,-3.5,133.3,13.6
trial_unset,subject_unset,21260,unlabeled,ignore,normal_task,-1,none,uncertain,,,,,,,,,,,,,0.06,0.74,-0.7,3.7,3.0,1.3,49.7,4.3,12.3,-3.5,133.3,13.6
trial_unset,subject_unset,21400,unlabeled,ignore,normal_task,-1,none,uncertain,-0.1766,-0.3762,-0.9166,-0.6104,-0.1221,-0.3662,,,,,,,,,,,,,,,,,,
trial_unset,subject_unset,21420,unlabeled,ignore,normal_task,-1,none,uncertain,-0.1766,-0.3762,-0.9166,-0.6104,-0.1221,-0.3662,,,,,,,,,,,,,,,,,,
trial_unset,subject_unset,21440,unlabeled,ignore,normal_task,-1,none,uncertain,-0.1766,-0.3762,-0.9166,-0.6104,-0.1221,-0.3662,,,,,,,,,,,,,,,,,,
trial_unset,subject_unset,21680,unlabeled,ignore,normal_task,-1,none,uncertain,,,,,,,,,,,,,0.06,0.74,-0.7,3.8,3.0,1.4,49.8,4.3,12.3,-3.4,133.3,13.5
trial_unset,subject_unset,21700,unlabeled,ignore,normal_task,-1,none,uncertain,-0.179,-0.3698,-0.9185,-0.6714,-0.1221,-0.3662,,,,,,,0.06,0.74,-0.7,3.8,3.0,1.4,49.8,4.3,12.3,-3.4,133.3,13.5
trial_unset,subject_unset,21720,unlabeled,ignore,normal_task,-1,none,uncertain,-0.179,-0.3698,-0.9185,-0.6714,-0.1221,-0.3662,,,,,,,0.06,0.74,-0.7,3.8,3.0,1.4,49.8,4.3,12.3,-3.4,133.3,13.5
trial_unset,subject_unset,21740,unlabeled,ignore,normal_task,-1,none,uncertain,-0.179,-0.3698,-0.9185,-0.6714,-0.1221,-0.3662,,,,,,,,,,,,,,,,,,
trial_unset,subject_unset,21840,unlabeled,ignore,normal_task,-1,none,uncertain,,,,,,,,,,,,,0.06,0.74,-0.7,3.8,3.0,1.4,49.8,4.3,12.3,-3.4,133.3,13.5
trial_unset,subject_unset,21860,unlabeled,ignore,normal_task,-1,none,uncertain,,,,,,,,,,,,,0.06,0.74,-0.7,3.8,3.0,1.4,49.8,4.3,12.3,-3.4,133.3,13.5
trial_unset,subject_unset,21880,unlabeled,ignore,normal_task,-1,none,uncertain,,,,,,,,,,,,,0.06,0.74,-0.7,3.8,3.0,1.4,49.8,4.3,12.3,-3.4,133.3,13.5
trial_unset,subject_unset,22180,unlabeled,ignore,normal_task,-1,none,uncertain,,,,,,,,,,,,,0.06,0.74,-0.7,3.9,2.9,1.4,49.7,4.4,12.4,-3.6,133.5,13.7
trial_unset,subject_unset,22200,unlabeled,ignore,normal_task,-1,none,uncertain,,,,,,,,,,,,,0.06,0.74,-0.7,3.9,2.9,1.4,49.7,4.4,12.4,-3.6,133.5,13.7
trial_unset,subject_unset,22220,unlabeled,ignore,normal_task,-1,none,uncertain,-0.1801,-0.3696,-0.9175,-0.6104,-0.1221,-0.3662,,,,,,,0.06,0.74,-0.7,3.9,2.9,1.4,49.7,4.4,12.4,-3.6,133.5,13.7
trial_unset,subject_unset,22240,unlabeled,ignore,normal_task,-1,none,uncertain,-0.1801,-0.3696,-0.9175,-0.6104,-0.1221,-0.3662,,,,,,,,,,,,,,,,,,
trial_unset,subject_unset,22260,unlabeled,ignore,normal_task,-1,none,uncertain,-0.1801,-0.3696,-0.9175,-0.6104,-0.1221,-0.3662,,,,,,,,,,,,,,,,,,
trial_unset,subject_unset,22320,unlabeled,ignore,normal_task,-1,none,uncertain,,,,,,,,,,,,,0.06,0.74,-0.7,3.9,2.9,1.4,49.7,4.4,12.4,-3.6,133.5,13.7
trial_unset,subject_unset,22340,unlabeled,ignore,normal_task,-1,none,uncertain,,,,,,,,,,,,,0.06,0.74,-0.7,3.9,2.9,1.4,49.7,4.4,12.4,-3.6,133.5,13.7
trial_unset,subject_unset,22360,unlabeled,ignore,normal_task,-1,none,uncertain,,,,,,,,,,,,,0.06,0.74,-0.7,3.9,2.9,1.4,49.7,4.4,12.4,-3.6,133.5,13.7
trial_unset,subject_unset,22620,unlabeled,ignore,normal_task,-1,none,uncertain,,,,,,,,,,,,,0.06,0.75,-0.7,3.8,3.2,1.4,49.7,4.3,12.0,-3.7,133.5,13.3
trial_unset,subject_unset,22640,unlabeled,ignore,normal_task,-1,none,uncertain,,,,,,,,,,,,,0.06,0.75,-0.7,3.8,3.2,1.4,49.7,4.3,12.0,-3.7,133.5,13.3
trial_unset,subject_unset,22660,unlabeled,ignore,normal_task,-1,none,uncertain,,,,,,,,,,,,,0.06,0.75,-0.7,3.8,3.2,1.4,49.7,4.3,12.0,-3.7,133.5,13.3
trial_unset,subject_unset,22720,unlabeled,ignore,normal_task,-1,none,uncertain,-0.1769,-0.375,-0.9164,-0.6714,-0.061,-0.3662,,,,,,,,,,,,,,,,,,
trial_unset,subject_unset,22740,unlabeled,ignore,normal_task,-1,none,uncertain,-0.1769,-0.375,-0.9164,-0.6714,-0.061,-0.3662,,,,,,,,,,,,,,,,,,
trial_unset,subject_unset,22760,unlabeled,ignore,normal_task,-1,none,uncertain,-0.1769,-0.375,-0.9164,-0.6714,-0.061,-0.3662,,,,,,,,,,,,,,,,,,
trial_unset,subject_unset,22820,unlabeled,ignore,normal_task,-1,none,uncertain,,,,,,,,,,,,,0.06,0.75,-0.7,3.8,3.2,1.4,49.7,4.3,12.0,-3.7,133.5,13.3
trial_unset,subject_unset,22840,unlabeled,ignore,normal_task,-1,none,uncertain,,,,,,,,,,,,,0.06,0.75,-0.7,3.8,3.2,1.4,49.7,4.3,12.0,-3.7,133.5,13.3
trial_unset,subject_unset,22860,unlabeled,ignore,normal_task,-1,none,uncertain,,,,,,,,,,,,,0.06,0.75,-0.7,3.8,3.2,1.4,49.7,4.3,12.0,-3.7,133.5,13.3
trial_unset,subject_unset,23080,unlabeled,ignore,normal_task,-1,none,uncertain,,,,,,,,,,,,,0.06,0.74,-0.7,3.6,3.1,1.3,49.7,4.3,12.2,-3.4,133.3,13.4
trial_unset,subject_unset,23100,unlabeled,ignore,normal_task,-1,none,uncertain,,,,,,,,,,,,,0.06,0.74,-0.7,3.6,3.1,1.3,49.7,4.3,12.2,-3.4,133.3,13.4
trial_unset,subject_unset,23120,unlabeled,ignore,normal_task,-1,none,uncertain,,,,,,,,,,,,,0.06,0.74,-0.7,3.6,3.1,1.3,49.7,4.3,12.2,-3.4,133.3,13.4
trial_unset,subject_unset,23140,unlabeled,ignore,normal_task,-1,none,uncertain,-0.1782,-0.3712,-0.9169,-0.6104,-0.1221,-0.4272,,,,,,,,,,,,,,,,,,
trial_unset,subject_unset,23160,unlabeled,ignore,normal_task,-1,none,uncertain,-0.1782,-0.3712,-0.9169,-0.6104,-0.1221,-0.4272,,,,,,,,,,,,,,,,,,
trial_unset,subject_unset,23180,unlabeled,ignore,normal_task,-1,none,uncertain,-0.1782,-0.3712,-0.9169,-0.6104,-0.1221,-0.4272,,,,,,,,,,,,,,,,,,
trial_unset,subject_unset,23280,unlabeled,ignore,normal_task,-1,none,uncertain,,,,,,,,,,,,,0.06,0.74,-0.7,3.6,3.1,1.3,49.7,4.3,12.2,-3.4,133.3,13.4
trial_unset,subject_unset,23300,unlabeled,ignore,normal_task,-1,none,uncertain,,,,,,,,,,,,,0.06,0.74,-0.7,3.6,3.1,1.3,49.7,4.3,12.2,-3.4,133.3,13.4
trial_unset,subject_unset,23320,unlabeled,ignore,normal_task,-1,none,uncertain,,,,,,,,,,,,,0.06,0.74,-0.7,3.6,3.1,1.3,49.7,4.3,12.2,-3.4,133.3,13.4
trial_unset,subject_unset,23620,unlabeled,ignore,normal_task,-1,none,uncertain,-0.177,-0.3723,-0.9176,-0.6714,-0.061,-0.3662,,,,,,,,,,,,,,,,,,
trial_unset,subject_unset,23640,unlabeled,ignore,normal_task,-1,none,uncertain,-0.177,-0.3723,-0.9176,-0.6714,-0.061,-0.3662,,,,,,,,,,,,,,,,,,
trial_unset,subject_unset,23660,unlabeled,ignore,normal_task,-1,none,uncertain,-0.177,-0.3723,-0.9176,-0.6714,-0.061,-0.3662,,,,,,,,,,,,,,,,,,
trial_unset,subject_unset,23720,unlabeled,ignore,normal_task,-1,none,uncertain,,,,,,,,,,,,,0.06,0.74,-0.7,3.7,3.0,1.3,49.6,4.2,12.3,-3.6,133.5,13.5
trial_unset,subject_unset,23740,unlabeled,ignore,normal_task,-1,none,uncertain,,,,,,,,,,,,,0.06,0.74,-0.7,3.7,3.0,1.3,49.6,4.2,12.3,-3.6,133.5,13.5
trial_unset,subject_unset,23760,unlabeled,ignore,normal_task,-1,none,uncertain,,,,,,,,,,,,,0.06,0.74,-0.7,3.7,3.0,1.3,49.6,4.2,12.3,-3.6,133.5,13.5
trial_unset,subject_unset,23800,unlabeled,ignore,normal_task,-1,none,uncertain,-0.1779,-0.3706,-0.9174,-0.6714,-0.1831,-0.4272,,,,,,,,,,,,,,,,,,
trial_unset,subject_unset,23820,unlabeled,ignore,normal_task,-1,none,uncertain,-0.1779,-0.3706,-0.9174,-0.6714,-0.1831,-0.4272,,,,,,,,,,,,,,,,,,
trial_unset,subject_unset,23840,unlabeled,ignore,normal_task,-1,none,uncertain,-0.1779,-0.3706,-0.9174,-0.6714,-0.1831,-0.4272,,,,,,,,,,,,,,,,,,
trial_unset,subject_unset,23880,unlabeled,ignore,normal_task,-1,none,uncertain,,,,,,,,,,,,,0.06,0.74,-0.7,3.7,3.0,1.3,49.6,4.2,12.3,-3.6,133.5,13.5
trial_unset,subject_unset,23900,unlabeled,ignore,normal_task,-1,none,uncertain,,,,,,,,,,,,,0.06,0.74,-0.7,3.7,3.0,1.3,49.6,4.2,12.3,-3.6,133.5,13.5
trial_unset,subject_unset,23920,unlabeled,ignore,normal_task,-1,none,uncertain,,,,,,,,,,,,,0.06,0.74,-0.7,3.7,3.0,1.3,49.6,4.2,12.3,-3.6,133.5,13.5
trial_unset,subject_unset,24220,unlabeled,ignore,normal_task,-1,none,uncertain,-0.1796,-0.3701,-0.9182,-0.6104,-0.1221,-0.3662,,,,,,,,,,,,,,,,,,
trial_unset,subject_unset,24240,unlabeled,ignore,normal_task,-1,none,uncertain,-0.1796,-0.3701,-0.9182,-0.6104,-0.1221,-0.3662,,,,,,,,,,,,,,,,,,
trial_unset,subject_unset,24260,unlabeled,ignore,normal_task,-1,none,uncertain,-0.1796,-0.3701,-0.9182,-0.6104,-0.1221,-0.3662,,,,,,,,,,,,,,,,,,
trial_unset,subject_unset,24300,unlabeled,ignore,normal_task,-1,none,uncertain,,,,,,,,,,,,,0.06,0.74,-0.7,3.8,3.0,1.3,49.6,4.2,12.1,-3.5,133.4,13.3
trial_unset,subject_unset,24320,unlabeled,ignore,normal_task,-1,none,uncertain,,,,,,,,,,,,,0.06,0.74,-0.7,3.8,3.0,1.3,49.6,4.2,12.1,-3.5,133.4,13.3
trial_unset,subject_unset,24340,unlabeled,ignore,normal_task,-1,none,uncertain,,,,,,,,,,,,,0.06,0.74,-0.7,3.8,3.0,1.3,49.6,4.2,12.1,-3.5,133.4,13.3
trial_unset,subject_unset,24380,unlabeled,ignore,normal_task,-1,none,uncertain,-0.1801,-0.3713,-0.9183,-0.6104,-0.061,-0.3662,,,,,,,,,,,,,,,,,,
trial_unset,subject_unset,24400,unlabeled,ignore,normal_task,-1,none,uncertain,-0.1801,-0.3713,-0.9183,-0.6104,-0.061,-0.3662,,,,,,,,,,,,,,,,,,
trial_unset,subject_unset,24420,unlabeled,ignore,normal_task,-1,none,uncertain,-0.1801,-0.3713,-0.9183,-0.6104,-0.061,-0.3662,,,,,,,,,,,,,,,,,,
trial_unset,subject_unset,24480,unlabeled,ignore,normal_task,-1,none,uncertain,,,,,,,,,,,,,0.06,0.74,-0.7,3.8,3.0,1.3,49.6,4.2,12.1,-3.5,133.4,13.3
trial_unset,subject_unset,24500,unlabeled,ignore,normal_task,-1,none,uncertain,,,,,,,,,,,,,0.06,0.74,-0.7,3.8,3.0,1.3,49.6,4.2,12.1,-3.5,133.4,13.3
trial_unset,subject_unset,24520,unlabeled,ignore,normal_task,-1,none,uncertain,,,,,,,,,,,,,0.06,0.74,-0.7,3.8,3.0,1.3,49.6,4.2,12.1,-3.5,133.4,13.3
trial_unset,subject_unset,24740,unlabeled,ignore,normal_task,-1,none,uncertain,,,,,,,,,,,,,0.06,0.74,-0.7,3.8,2.9,1.3,49.6,4.2,12.1,-3.5,133.3,13.4
trial_unset,subject_unset,24760,unlabeled,ignore,normal_task,-1,none,uncertain,,,,,,,,,,,,,0.06,0.74,-0.7,3.8,2.9,1.3,49.6,4.2,12.1,-3.5,133.3,13.4
trial_unset,subject_unset,24780,unlabeled,ignore,normal_task,-1,none,uncertain,,,,,,,,,,,,,0.06,0.74,-0.7,3.8,2.9,1.3,49.6,4.2,12.1,-3.5,133.3,13.4
trial_unset,subject_unset,24900,unlabeled,ignore,normal_task,-1,none,uncertain,-0.1765,-0.377,-0.9156,-0.6714,-0.1221,-0.4272,,,,,,,,,,,,,,,,,,
trial_unset,subject_unset,24920,unlabeled,ignore,normal_task,-1,none,uncertain,-0.1765,-0.377,-0.9156,-0.6714,-0.1221,-0.4272,,,,,,,,,,,,,,,,,,
trial_unset,subject_unset,24940,unlabeled,ignore,normal_task,-1,none,uncertain,-0.1765,-0.377,-0.9156,-0.6714,-0.1221,-0.4272,,,,,,,,,,,,,,,,,,
trial_unset,subject_unset,25000,unlabeled,ignore,normal_task,-1,none,uncertain,,,,,,,,,,,,,0.06,0.74,-0.7,3.8,2.9,1.3,49.6,4.2,12.1,-3.5,133.3,13.4
trial_unset,subject_unset,25020,unlabeled,ignore,normal_task,-1,none,uncertain,,,,,,,,,,,,,0.06,0.74,-0.7,3.8,2.9,1.3,49.6,4.2,12.1,-3.5,133.3,13.4
trial_unset,subject_unset,25040,unlabeled,ignore,normal_task,-1,none,uncertain,,,,,,,,,,,,,0.06,0.74,-0.7,3.8,2.9,1.3,49.6,4.2,12.1,-3.5,133.3,13.4
trial_unset,subject_unset,25280,unlabeled,ignore,normal_task,-1,none,uncertain,,,,,,,,,,,,,0.06,0.74,-0.7,4.2,2.8,1.4,49.5,4.2,11.9,-3.6,133.5,13.2
trial_unset,subject_unset,25300,unlabeled,ignore,normal_task,-1,none,uncertain,,,,,,,,,,,,,0.06,0.74,-0.7,4.2,2.8,1.4,49.5,4.2,11.9,-3.6,133.5,13.2
trial_unset,subject_unset,25320,unlabeled,ignore,normal_task,-1,none,uncertain,,,,,,,,,,,,,0.06,0.74,-0.7,4.2,2.8,1.4,49.5,4.2,11.9,-3.6,133.5,13.2
trial_unset,subject_unset,25440,unlabeled,ignore,normal_task,-1,none,uncertain,-0.1782,-0.3728,-0.9171,-0.6104,-0.1221,-0.3662,,,,,,,,,,,,,,,,,,
trial_unset,subject_unset,25460,unlabeled,ignore,normal_task,-1,none,uncertain,-0.1782,-0.3728,-0.9171,-0.6104,-0.1221,-0.3662,,,,,,,,,,,,,,,,,,
trial_unset,subject_unset,25480,unlabeled,ignore,normal_task,-1,none,uncertain,-0.1782,-0.3728,-0.9171,-0.6104,-0.1221,-0.3662,,,,,,,,,,,,,,,,,,
trial_unset,subject_unset,25500,unlabeled,ignore,normal_task,-1,none,uncertain,,,,,,,,,,,,,0.06,0.74,-0.7,4.2,2.8,1.4,49.5,4.2,11.9,-3.6,133.5,13.2
trial_unset,subject_unset,25520,unlabeled,ignore,normal_task,-1,none,uncertain,,,,,,,,,,,,,0.06,0.74,-0.7,4.2,2.8,1.4,49.5,4.2,11.9,-3.6,133.5,13.2
trial_unset,subject_unset,25540,unlabeled,ignore,normal_task,-1,none,uncertain,,,,,,,,,,,,,0.06,0.74,-0.7,4.2,2.8,1.4,49.5,4.2,11.9,-3.6,133.5,13.2
trial_unset,subject_unset,25840,unlabeled,ignore,normal_task,-1,none,uncertain,-0.1775,-0.3739,-0.9177,-0.6104,-0.1221,-0.3662,,,,,,,,,,,,,,,,,,
trial_unset,subject_unset,25860,unlabeled,ignore,normal_task,-1,none,uncertain,-0.1775,-0.3739,-0.9177,-0.6104,-0.1221,-0.3662,,,,,,,,,,,,,,,,,,
trial_unset,subject_unset,25880,unlabeled,ignore,normal_task,-1,none,uncertain,-0.1775,-0.3739,-0.9177,-0.6104,-0.1221,-0.3662,,,,,,,,,,,,,,,,,,
trial_unset,subject_unset,25960,unlabeled,ignore,normal_task,-1,none,uncertain,,,,,,,,,,,,,0.06,0.74,-0.7,4.0,2.9,1.4,49.5,4.1,11.9,-3.5,133.3,13.2
trial_unset,subject_unset,25980,unlabeled,ignore,normal_task,-1,none,uncertain,,,,,,,,,,,,,0.06,0.74,-0.7,4.0,2.9,1.4,49.5,4.1,11.9,-3.5,133.3,13.2
trial_unset,subject_unset,26000,unlabeled,ignore,normal_task,-1,none,uncertain,-0.1783,-0.3732,-0.9178,-0.6714,-0.061,-0.3662,,,,,,,0.06,0.74,-0.7,4.0,2.9,1.4,49.5,4.1,11.9,-3.5,133.3,13.2
trial_unset,subject_unset,26020,unlabeled,ignore,normal_task,-1,none,uncertain,-0.1783,-0.3732,-0.9178,-0.6714,-0.061,-0.3662,,,,,,,,,,,,,,,,,,
trial_unset,subject_unset,26040,unlabeled,ignore,normal_task,-1,none,uncertain,-0.1783,-0.3732,-0.9178,-0.6714,-0.061,-0.3662,,,,,,,,,,,,,,,,,,
trial_unset,subject_unset,26120,unlabeled,ignore,normal_task,-1,none,uncertain,,,,,,,,,,,,,0.06,0.74,-0.7,4.0,2.9,1.4,49.5,4.1,11.9,-3.5,133.3,13.2
trial_unset,subject_unset,26140,unlabeled,ignore,normal_task,-1,none,uncertain,,,,,,,,,,,,,0.06,0.74,-0.7,4.0,2.9,1.4,49.5,4.1,11.9,-3.5,133.3,13.2
trial_unset,subject_unset,26160,unlabeled,ignore,normal_task,-1,none,uncertain,,,,,,,,,,,,,0.06,0.74,-0.7,4.0,2.9,1.4,49.5,4.1,11.9,-3.5,133.3,13.2
trial_unset,subject_unset,26400,unlabeled,ignore,normal_task,-1,none,uncertain,,,,,,,,,,,,,0.06,0.74,-0.7,3.8,3.1,1.3,49.4,4.0,12.0,-3.7,133.5,13.1
trial_unset,subject_unset,26420,unlabeled,ignore,normal_task,-1,none,uncertain,,,,,,,,,,,,,0.06,0.74,-0.7,3.8,3.1,1.3,49.4,4.0,12.0,-3.7,133.5,13.1
trial_unset,subject_unset,26440,unlabeled,ignore,normal_task,-1,none,uncertain,,,,,,,,,,,,,0.06,0.74,-0.7,3.8,3.1,1.3,49.4,4.0,12.0,-3.7,133.5,13.1
trial_unset,subject_unset,26480,unlabeled,ignore,normal_task,-1,none,uncertain,-0.1793,-0.3721,-0.9176,-0.6104,-0.1221,-0.3662,,,,,,,,,,,,,,,,,,
trial_unset,subject_unset,26500,unlabeled,ignore,normal_task,-1,none,uncertain,-0.1793,-0.3721,-0.9176,-0.6104,-0.1221,-0.3662,,,,,,,,,,,,,,,,,,
trial_unset,subject_unset,26520,unlabeled,ignore,normal_task,-1,none,uncertain,-0.1793,-0.3721,-0.9176,-0.6104,-0.1221,-0.3662,,,,,,,,,,,,,,,,,,
trial_unset,subject_unset,26600,unlabeled,ignore,normal_task,-1,none,uncertain,,,,,,,,,,,,,0.06,0.74,-0.7,3.8,3.1,1.3,49.4,4.0,12.0,-3.7,133.5,13.1
trial_unset,subject_unset,26620,unlabeled,ignore,normal_task,-1,none,uncertain,,,,,,,,,,,,,0.06,0.74,-0.7,3.8,3.1,1.3,49.4,4.0,12.0,-3.7,133.5,13.1
trial_unset,subject_unset,26640,unlabeled,ignore,normal_task,-1,none,uncertain,,,,,,,,,,,,,0.06,0.74,-0.7,3.8,3.1,1.3,49.4,4.0,12.0,-3.7,133.5,13.1
trial_unset,subject_unset,27000,unlabeled,ignore,normal_task,-1,none,uncertain,-0.1787,-0.3748,-0.9164,-0.6104,-0.1221,-0.3662,,,,,,,,,,,,,,,,,,
trial_unset,subject_unset,27020,unlabeled,ignore,normal_task,-1,none,uncertain,-0.1787,-0.3748,-0.9164,-0.6104,-0.1221,-0.3662,,,,,,,,,,,,,,,,,,
trial_unset,subject_unset,27040,unlabeled,ignore,normal_task,-1,none,uncertain,-0.1787,-0.3748,-0.9164,-0.6104,-0.1221,-0.3662,,,,,,,0.06,0.74,-0.7,3.6,3.1,1.3,49.4,4.1,11.7,-3.6,133.3,13.1
trial_unset,subject_unset,27060,unlabeled,ignore,normal_task,-1,none,uncertain,,,,,,,,,,,,,0.06,0.74,-0.7,3.6,3.1,1.3,49.4,4.1,11.7,-3.6,133.3,13.1
trial_unset,subject_unset,27080,unlabeled,ignore,normal_task,-1,none,uncertain,,,,,,,,,,,,,0.06,0.74,-0.7,3.6,3.1,1.3,49.4,4.1,11.7,-3.6,133.3,13.1
trial_unset,subject_unset,27140,unlabeled,ignore,normal_task,-1,none,uncertain,-0.1783,-0.3735,-0.9164,-0.6104,-0.1221,-0.3662,,,,,,,,,,,,,,,,,,
trial_unset,subject_unset,27160,unlabeled,ignore,normal_task,-1,none,uncertain,-0.1783,-0.3735,-0.9164,-0.6104,-0.1221,-0.3662,,,,,,,,,,,,,,,,,,
trial_unset,subject_unset,27180,unlabeled,ignore,normal_task,-1,none,uncertain,-0.1783,-0.3735,-0.9164,-0.6104,-0.1221,-0.3662,,,,,,,,,,,,,,,,,,
trial_unset,subject_unset,27280,unlabeled,ignore,normal_task,-1,none,uncertain,,,,,,,,,,,,,0.06,0.74,-0.7,3.6,3.1,1.3,49.4,4.1,11.7,-3.6,133.3,13.1
trial_unset,subject_unset,27300,unlabeled,ignore,normal_task,-1,none,uncertain,,,,,,,,,,,,,0.06,0.74,-0.7,3.6,3.1,1.3,49.4,4.1,11.7,-3.6,133.3,13.1
trial_unset,subject_unset,27320,unlabeled,ignore,normal_task,-1,none,uncertain,,,,,,,,,,,,,0.06,0.74,-0.7,3.6,3.1,1.3,49.4,4.1,11.7,-3.6,133.3,13.1
trial_unset,subject_unset,27540,unlabeled,ignore,normal_task,-1,none,uncertain,,,,,,,,,,,,,0.06,0.74,-0.7,3.7,3.0,1.3,49.4,4.1,12.0,-3.4,133.3,13.2
trial_unset,subject_unset,27560,unlabeled,ignore,normal_task,-1,none,uncertain,,,,,,,,,,,,,0.06,0.74,-0.7,3.7,3.0,1.3,49.4,4.1,12.0,-3.4,133.3,13.2
trial_unset,subject_unset,27580,unlabeled,ignore,normal_task,-1,none,uncertain,,,,,,,,,,,,,0.06,0.74,-0.7,3.7,3.0,1.3,49.4,4.1,12.0,-3.4,133.3,13.2
trial_unset,subject_unset,27700,unlabeled,ignore,normal_task,-1,none,uncertain,-0.1786,-0.3735,-0.9167,-0.6714,-0.1221,-0.3662,,,,,,,,,,,,,,,,,,
trial_unset,subject_unset,27720,unlabeled,ignore,normal_task,-1,none,uncertain,-0.1786,-0.3735,-0.9167,-0.6714,-0.1221,-0.3662,,,,,,,,,,,,,,,,,,
trial_unset,subject_unset,27740,unlabeled,ignore,normal_task,-1,none,uncertain,-0.1786,-0.3735,-0.9167,-0.6714,-0.1221,-0.3662,,,,,,,,,,,,,,,,,,
trial_unset,subject_unset,27820,unlabeled,ignore,normal_task,-1,none,uncertain,,,,,,,,,,,,,0.06,0.74,-0.7,3.7,3.0,1.3,49.4,4.1,12.0,-3.4,133.3,13.2
trial_unset,subject_unset,27840,unlabeled,ignore,normal_task,-1,none,uncertain,,,,,,,,,,,,,0.06,0.74,-0.7,3.7,3.0,1.3,49.4,4.1,12.0,-3.4,133.3,13.2
trial_unset,subject_unset,27860,unlabeled,ignore,normal_task,-1,none,uncertain,,,,,,,,,,,,,0.06,0.74,-0.7,3.7,3.0,1.3,49.4,4.1,12.0,-3.4,133.3,13.2
trial_unset,subject_unset,28080,unlabeled,ignore,normal_task,-1,none,uncertain,,,,,,,,,,,,,0.06,0.74,-0.7,3.8,2.9,1.3,49.6,4.2,12.0,-3.5,133.1,13.2
trial_unset,subject_unset,28100,unlabeled,ignore,normal_task,-1,none,uncertain,,,,,,,,,,,,,0.06,0.74,-0.7,3.8,2.9,1.3,49.6,4.2,12.0,-3.5,133.1,13.2
trial_unset,subject_unset,28120,unlabeled,ignore,normal_task,-1,none,uncertain,,,,,,,,,,,,,0.06,0.74,-0.7,3.8,2.9,1.3,49.6,4.2,12.0,-3.5,133.1,13.2
trial_unset,subject_unset,28240,unlabeled,ignore,normal_task,-1,none,uncertain,-0.1818,-0.3673,-0.9188,-0.6104,-0.1221,-0.3662,,,,,,,,,,,,,,,,,,
trial_unset,subject_unset,28260,unlabeled,ignore,normal_task,-1,none,uncertain,-0.1818,-0.3673,-0.9188,-0.6104,-0.1221,-0.3662,,,,,,,,,,,,,,,,,,
trial_unset,subject_unset,28280,unlabeled,ignore,normal_task,-1,none,uncertain,-0.1818,-0.3673,-0.9188,-0.6104,-0.1221,-0.3662,,,,,,,,,,,,,,,,,,
trial_unset,subject_unset,28380,unlabeled,ignore,normal_task,-1,none,uncertain,,,,,,,,,,,,,0.06,0.74,-0.7,3.8,2.9,1.3,49.6,4.2,12.0,-3.5,133.1,13.2
trial_unset,subject_unset,28400,unlabeled,ignore,normal_task,-1,none,uncertain,,,,,,,,,,,,,0.06,0.74,-0.7,3.8,2.9,1.3,49.6,4.2,12.0,-3.5,133.1,13.2
trial_unset,subject_unset,28420,unlabeled,ignore,normal_task,-1,none,uncertain,,,,,,,,,,,,,0.06,0.74,-0.7,3.8,2.9,1.3,49.6,4.2,12.0,-3.5,133.1,13.2
trial_unset,subject_unset,28580,unlabeled,ignore,normal_task,-1,none,uncertain,-0.1775,-0.3729,-0.917,-0.6104,-0.1221,-0.3662,,,,,,,,,,,,,,,,,,
trial_unset,subject_unset,28600,unlabeled,ignore,normal_task,-1,none,uncertain,-0.1775,-0.3729,-0.917,-0.6104,-0.1221,-0.3662,,,,,,,,,,,,,,,,,,
trial_unset,subject_unset,28620,unlabeled,ignore,normal_task,-1,none,uncertain,-0.1775,-0.3729,-0.917,-0.6104,-0.1221,-0.3662,,,,,,,,,,,,,,,,,,
trial_unset,subject_unset,28820,unlabeled,ignore,normal_task,-1,none,uncertain,-0.1798,-0.3705,-0.9175,-0.6104,-0.061,-0.3662,,,,,,,,,,,,,,,,,,
trial_unset,subject_unset,28840,unlabeled,ignore,normal_task,-1,none,uncertain,-0.1798,-0.3705,-0.9175,-0.6104,-0.061,-0.3662,,,,,,,,,,,,,,,,,,
trial_unset,subject_unset,28860,unlabeled,ignore,normal_task,-1,none,uncertain,-0.1798,-0.3705,-0.9175,-0.6104,-0.061,-0.3662,,,,,,,,,,,,,,,,,,
trial_unset,subject_unset,28960,unlabeled,ignore,normal_task,-1,none,uncertain,-0.1788,-0.3699,-0.918,-0.6714,-0.1221,-0.4272,,,,,,,0.06,0.74,-0.7,3.9,3.0,1.4,49.5,4.2,12.0,-3.6,133.5,13.3
trial_unset,subject_unset,28980,unlabeled,ignore,normal_task,-1,none,uncertain,-0.1788,-0.3699,-0.918,-0.6714,-0.1221,-0.4272,,,,,,,0.06,0.74,-0.7,3.9,3.0,1.4,49.5,4.2,12.0,-3.6,133.5,13.3
trial_unset,subject_unset,29000,unlabeled,ignore,normal_task,-1,none,uncertain,-0.1788,-0.3699,-0.918,-0.6714,-0.1221,-0.4272,,,,,,,0.06,0.74,-0.7,3.9,3.0,1.4,49.5,4.2,12.0,-3.6,133.5,13.3
trial_unset,subject_unset,29120,unlabeled,ignore,normal_task,-1,none,uncertain,-0.1797,-0.3702,-0.9178,-0.6104,-0.1221,-0.3662,,,,,,,,,,,,,,,,,,
trial_unset,subject_unset,29140,unlabeled,ignore,normal_task,-1,none,uncertain,-0.1797,-0.3702,-0.9178,-0.6104,-0.1221,-0.3662,,,,,,,,,,,,,,,,,,
trial_unset,subject_unset,29160,unlabeled,ignore,normal_task,-1,none,uncertain,-0.1797,-0.3702,-0.9178,-0.6104,-0.1221,-0.3662,,,,,,,,,,,,,,,,,,
trial_unset,subject_unset,29240,unlabeled,ignore,normal_task,-1,none,uncertain,,,,,,,,,,,,,0.06,0.74,-0.7,3.9,3.0,1.4,49.5,4.2,12.0,-3.6,133.5,13.3
trial_unset,subject_unset,29260,unlabeled,ignore,normal_task,-1,none,uncertain,,,,,,,,,,,,,0.06,0.74,-0.7,3.9,3.0,1.4,49.5,4.2,12.0,-3.6,133.5,13.3
trial_unset,subject_unset,29280,unlabeled,ignore,normal_task,-1,none,uncertain,,,,,,,,,,,,,0.06,0.74,-0.7,3.9,3.0,1.4,49.5,4.2,12.0,-3.6,133.5,13.3
trial_unset,subject_unset,29520,unlabeled,ignore,normal_task,-1,none,uncertain,,,,,,,,,,,,,0.06,0.74,-0.7,3.6,3.1,1.3,49.5,4.1,12.1,-3.4,133.2,13.3
trial_unset,subject_unset,29540,unlabeled,ignore,normal_task,-1,none,uncertain,,,,,,,,,,,,,0.06,0.74,-0.7,3.6,3.1,1.3,49.5,4.1,12.1,-3.4,133.2,13.3
trial_unset,subject_unset,29560,unlabeled,ignore,normal_task,-1,none,uncertain,,,,,,,,,,,,,0.06,0.74,-0.7,3.6,3.1,1.3,49.5,4.1,12.1,-3.4,133.2,13.3
trial_unset,subject_unset,29780,unlabeled,ignore,normal_task,-1,none,uncertain,,,,,,,,,,,,,0.06,0.74,-0.7,3.6,3.1,1.3,49.5,4.1,12.1,-3.4,133.2,13.3
trial_unset,subject_unset,29800,unlabeled,ignore,normal_task,-1,none,uncertain,,,,,,,,,,,,,0.06,0.74,-0.7,3.6,3.1,1.3,49.5,4.1,12.1,-3.4,133.2,13.3
trial_unset,subject_unset,29820,unlabeled,ignore,normal_task,-1,none,uncertain,,,,,,,,,,,,,0.06,0.74,-0.7,3.6,3.1,1.3,49.5,4.1,12.1,-3.4,133.2,13.3
